key,collection_date,Conductivity [p:1557],Current Weather Conditions [f:1839],DO % saturation [p:2090],Dissolved oxygen [p:1561],Name of Data Collector(s) [f:1838],Nitrate [p:1560],Phosphate [p:1559],Photos of Stream [f:2992],Pressure [p:2089],Previous 24 hours Weather Conditions [f:1840],Salinity [p:1558],Stream Name [f:1842],Total Suspended Solids (from Colorimeter) [p:2088],Total dissolved solids [p:1556],Turbidity [p:1554],Volunteer Estimate Hours Spent Sampling [f:3096],Water Level [f:1836],Water Temperature [p:1562],pH [p:1555],latitude,longitude,owner_id,owner_first_name,owner_last_name,certified,certifier_id,certifier_first_name,certifier_last_name,dataset_id,dataset_name,dataset_key,station_id,station_name
4c7d510d96a413b12a2ab48df6093ad5,2019-06-19 00:00:00.000000,,,,7.7,,0.5,0.31,,,,,,,,20.0,,,23.4,,41.41611064,-81.87328297,1216,Water Reporter,Team,True,1216,Water Reporter,Team,1003,Rocky River Watershed Monitoring Program,d3d0568f05b454d7,MS2,MS2
e4f05da6ce28b0d5ac52c37a923fd440,2019-06-19 00:00:00.000000,,,,,,,,,,,,,,,,,Slightly Elevated,,,41.41611064,-81.87328297,5476,Meg,Hennessey,True,5476,Meg,Hennessey,1003,Rocky River Watershed Monitoring Program,d3d0568f05b454d7,MS2,MS2
4e7c994e162cc7fe38c7d8d0af223efe,2019-06-27 00:00:00.000000,,,,8.06,,2.5,0.6,,,,0.05,,,145.0,100.0,,,20.5,8.36,41.34993356,-81.77722933,1216,Water Reporter,Team,True,1216,Water Reporter,Team,1003,Rocky River Watershed Monitoring Program,d3d0568f05b454d7,BC7,BC7
d15ab5f6ec3ed71b5898a1a02b61d346,2019-06-27 00:00:00.000000,,,,7.07,,0.2,2.13,,,,0.07,,,978.0,28.0,,,20.3,8.43,41.37498391,-81.83283236,1216,Water Reporter,Team,True,1216,Water Reporter,Team,1003,Rocky River Watershed Monitoring Program,d3d0568f05b454d7,AC3,AC3
f423d3f750b3c832f80d1f77e7ca2aee,2019-06-27 00:00:00.000000,,,,,,,,,,,,,,,,,Base Flow,,,41.34993356,-81.77722933,5476,Meg,Hennessey,True,5476,Meg,Hennessey,1003,Rocky River Watershed Monitoring Program,d3d0568f05b454d7,BC7,BC7
0c4ca844b82a8167aaf8082e63f63a0a,2019-06-27 00:00:00.000000,,,,,,,,,,,,,,,,,Base Flow,,,41.37498391,-81.83283236,5476,Meg,Hennessey,True,5476,Meg,Hennessey,1003,Rocky River Watershed Monitoring Program,d3d0568f05b454d7,AC3,AC3
31021f6c25e7b278612f534af0c7092f,2019-06-27 00:00:00.000000,,,,5.93,,0.0,1.07,,,,0.09,,,1130.0,42.0,,Base Flow,21.1,7.97,41.363,-81.819,5476,Meg,Hennessey,True,5476,Meg,Hennessey,1003,Rocky River Watershed Monitoring Program,d3d0568f05b454d7,AC4,AC4
d7ce7899bd2c930b163ad12ba3dee413,2019-06-28 00:00:00.000000,611.0,,,6.25,,0.5,1.14,,,,0.31,,,444.0,20.0,,,21.5,8.2,41.2177,-81.7066,1216,Water Reporter,Team,True,1216,Water Reporter,Team,1003,Rocky River Watershed Monitoring Program,d3d0568f05b454d7,UEB3,UEB3
b466f0923d8f6ef701d5ca3d3e042c21,2019-06-28 00:00:00.000000,408.0,,,5.51,,0.3,0.14,,,,0.2,,,287.0,120.0,,,19.1,7.79,41.21754476,-81.7142186,1216,Water Reporter,Team,True,1216,Water Reporter,Team,1003,Rocky River Watershed Monitoring Program,d3d0568f05b454d7,UEB2,UEB2
9fd05ec1330fdbb9ac50bac0bed866f4,2019-06-29 00:00:00.000000,,,,9.0,,0.0,0.52,,,,0.04,,,522.0,4.7,,Base Flow,23.3,8.53,41.46,-81.822,5476,Meg,Hennessey,True,5476,Meg,Hennessey,1003,Rocky River Watershed Monitoring Program,d3d0568f05b454d7,MS4,MS4
368c1cb80e080afe4ae348956adc21dc,2019-06-30 00:00:00.000000,,,,2.91,,0.2,0.36,,,,0.46,,,658.0,52.6,,,21.5,7.56,41.239,-81.818,1216,Water Reporter,Team,True,1216,Water Reporter,Team,1003,Rocky River Watershed Monitoring Program,d3d0568f05b454d7,PC4,PC4
7cdc3ca12c2a7b1fb44b6c258c869411,2019-06-30 00:00:00.000000,,,,14.3,,0.1,2.13,,,,0.3,,,427.0,120.0,,,25.1,9.76,41.24695161,-81.83086455,1216,Water Reporter,Team,True,1216,Water Reporter,Team,1003,Rocky River Watershed Monitoring Program,d3d0568f05b454d7,PC3,PC3
ec80cd855a6d03be8879081e77f278e5,2019-06-30 00:00:00.000000,,,,5.71,,0.1,0.09,,,,0.24,,,350.0,72.2,,,27.4,8.27,41.23399597,-81.81094233,1216,Water Reporter,Team,True,1216,Water Reporter,Team,1003,Rocky River Watershed Monitoring Program,d3d0568f05b454d7,PC2,PC2
c35e4210027e314125e18ffa44c3ecd8,2019-06-30 00:00:00.000000,,,,,,,,,,,,,,,,,Base Flow,,,41.239,-81.818,5476,Meg,Hennessey,True,5476,Meg,Hennessey,1003,Rocky River Watershed Monitoring Program,d3d0568f05b454d7,PC4,PC4
d3de749d17203d699f779581700d2e14,2019-06-30 00:00:00.000000,,,,,,,,,,,,,,,,,Base Flow,,,41.24695161,-81.83086455,5476,Meg,Hennessey,True,5476,Meg,Hennessey,1003,Rocky River Watershed Monitoring Program,d3d0568f05b454d7,PC3,PC3
2ccf38ce781c58645c3dcd9727bcdd78,2019-06-30 00:00:00.000000,,,,8.6,,0.0,1.96,,,,,,,30.0,7.4,,Base Flow,24.5,9.0,41.46,-81.822,5476,Meg,Hennessey,True,5476,Meg,Hennessey,1003,Rocky River Watershed Monitoring Program,d3d0568f05b454d7,MS4,MS4
454af3e647b2063bd924d69a3c42d8fe,2019-06-30 00:00:00.000000,,,,,,,,,,,,,,,,,Base Flow,,,41.23399597,-81.81094233,5476,Meg,Hennessey,True,5476,Meg,Hennessey,1003,Rocky River Watershed Monitoring Program,d3d0568f05b454d7,PC2,PC2
4d1bf28a42cd40067868d8fdf87dca28,2019-07-06 00:00:00.000000,,,,3.7,,0.0,2.28,,,,,,,,7.2,,Base Flow,26.9,,41.46,-81.822,5476,Meg,Hennessey,True,5476,Meg,Hennessey,1003,Rocky River Watershed Monitoring Program,d3d0568f05b454d7,MS4,MS4
ba4c517de747e1d8309318dbedbd1392,2019-07-12 00:00:00.000000,576.0,,,3.5,,0.1,0.43,,,,0.31,,,445.0,120.0,,,23.5,7.89,41.21754476,-81.7142186,1216,Water Reporter,Team,True,1216,Water Reporter,Team,1003,Rocky River Watershed Monitoring Program,d3d0568f05b454d7,UEB2,UEB2
c63ad570df34c41734ffaa151177951b,2019-07-15 00:00:00.000000,,,,7.66,,,2.62,,,,0.07,,,1010.0,100.0,,,22.2,8.36,41.34993356,-81.77722933,1216,Water Reporter,Team,True,1216,Water Reporter,Team,1003,Rocky River Watershed Monitoring Program,d3d0568f05b454d7,BC7,BC7
28c36448ce8449d665cf1df306e7c87a,2019-07-15 00:00:00.000000,,,,6.53,,0.2,2.57,,,,0.06,,,854.0,76.0,,,21.3,8.62,41.34997887,-81.82612137,1216,Water Reporter,Team,True,1216,Water Reporter,Team,1003,Rocky River Watershed Monitoring Program,d3d0568f05b454d7,BC5,BC5
3ab5981d58be633199243778974d8811,2019-07-15 00:00:00.000000,,,,6.54,,0.2,1.29,,,,0.09,,,1290.0,30.0,,,21.8,8.76,41.37498391,-81.83283236,1216,Water Reporter,Team,True,1216,Water Reporter,Team,1003,Rocky River Watershed Monitoring Program,d3d0568f05b454d7,AC3,AC3
f0cf81cdcbf46f109492dc98d9a4c188,2019-07-15 00:00:00.000000,,,,,,,,,,,,,,,,,Base Flow,,,41.34993356,-81.77722933,5476,Meg,Hennessey,True,5476,Meg,Hennessey,1003,Rocky River Watershed Monitoring Program,d3d0568f05b454d7,BC7,BC7
95f1ead995205720756ab4e21014182e,2019-07-15 00:00:00.000000,,,,,,,,,,,,,,,,,Base Flow,,,41.37498391,-81.83283236,5476,Meg,Hennessey,True,5476,Meg,Hennessey,1003,Rocky River Watershed Monitoring Program,d3d0568f05b454d7,AC3,AC3
c11a4459ed4452f17485f26a4ef06f7f,2019-07-15 00:00:00.000000,,,,,,,,,,,,,,,,,Base Flow,,,41.34997887,-81.82612137,5476,Meg,Hennessey,True,5476,Meg,Hennessey,1003,Rocky River Watershed Monitoring Program,d3d0568f05b454d7,BC5,BC5
0fc16c5c2668b17d986cea69dc94bf45,2019-07-16 00:00:00.000000,,,,7.24,,2.4,0.67,,,,0.07,,,1060.0,100.0,,,23.6,8.59,41.36301,-81.854031,1216,Water Reporter,Team,True,1216,Water Reporter,Team,1003,Rocky River Watershed Monitoring Program,d3d0568f05b454d7,BC2.5,BC2.5
29bddb450dc022491e8af11de1d4ae4c,2019-07-16 00:00:00.000000,,,,,,,,,,,,,,,,,Base Flow,,,41.36301,-81.854031,5476,Meg,Hennessey,True,5476,Meg,Hennessey,1003,Rocky River Watershed Monitoring Program,d3d0568f05b454d7,BC2.5,BC2.5
966fd14c3bca64987d7ba5bd2258176b,2019-07-24 00:00:00.000000,786.0,,,,,0.5,0.29,,,,0.4,,,562.0,40.25,,,25.3,9.38,41.47702412,-81.82999061,1216,Water Reporter,Team,True,1216,Water Reporter,Team,1003,Rocky River Watershed Monitoring Program,d3d0568f05b454d7,MS3,MS3
ad6abaf14049e5888c3a86e6aae66de9,2019-07-28 00:00:00.000000,,,,4.04,,0.4,0.31,,,,0.73,,,1030.0,101.0,,,23.4,8.4,41.239,-81.818,1216,Water Reporter,Team,True,1216,Water Reporter,Team,1003,Rocky River Watershed Monitoring Program,d3d0568f05b454d7,PC4,PC4
542470d5322d9862d87250a1a33c118e,2019-07-28 00:00:00.000000,,,,5.75,,1.2,0.17,,,,0.44,,,619.0,120.0,,,23.4,8.78,41.24695161,-81.83086455,1216,Water Reporter,Team,True,1216,Water Reporter,Team,1003,Rocky River Watershed Monitoring Program,d3d0568f05b454d7,PC3,PC3
37f51ee13b2c55155dd469ca2995cda3,2019-07-28 00:00:00.000000,,,,5.95,,0.1,0.05,,,,0.26,,,360.0,68.6,,,27.1,8.7,41.23399597,-81.81094233,1216,Water Reporter,Team,True,1216,Water Reporter,Team,1003,Rocky River Watershed Monitoring Program,d3d0568f05b454d7,PC2,PC2
614830843d91c7e2ce154fa448c71523,2019-07-28 00:00:00.000000,,,,,,,,,,,,,,,,,Base Flow,,,41.24695161,-81.83086455,5476,Meg,Hennessey,True,5476,Meg,Hennessey,1003,Rocky River Watershed Monitoring Program,d3d0568f05b454d7,PC3,PC3
85cb12ab5390b56080c02374aa34e15e,2019-07-28 00:00:00.000000,,,,,,,,,,,,,,,,,Base Flow,,,41.239,-81.818,5476,Meg,Hennessey,True,5476,Meg,Hennessey,1003,Rocky River Watershed Monitoring Program,d3d0568f05b454d7,PC4,PC4
6c8bebb6b3ef540eca4a2881fbd916d3,2019-07-28 00:00:00.000000,,,,,,,,,,,,,,,,,Base Flow,,,41.23399597,-81.81094233,5476,Meg,Hennessey,True,5476,Meg,Hennessey,1003,Rocky River Watershed Monitoring Program,d3d0568f05b454d7,PC2,PC2
302f031c49a096fca9e6eb6fce80bbe5,2019-07-31 00:00:00.000000,1388.0,,,6.5,,0.6,0.04,,,,0.69,,,988.0,33.0,,,25.3,9.05,41.47702412,-81.82999061,1216,Water Reporter,Team,True,1216,Water Reporter,Team,1003,Rocky River Watershed Monitoring Program,d3d0568f05b454d7,MS3,MS3
a5da317511258487c9903b651f0e02cf,2019-08-01 00:00:00.000000,908.0,,,9.7,,1.1,0.22,,,,0.43,,,480.0,31.0,,,25.9,9.4,41.47702412,-81.82999061,1216,Water Reporter,Team,True,1216,Water Reporter,Team,1003,Rocky River Watershed Monitoring Program,d3d0568f05b454d7,MS3,MS3
90c99019013939d43b26d98ff56e9613,2019-08-02 00:00:00.000000,1387.0,,,9.4,,0.5,0.42,,,,0.68,,,985.0,37.0,,,27.4,9.17,41.47702412,-81.82999061,1216,Water Reporter,Team,True,1216,Water Reporter,Team,1003,Rocky River Watershed Monitoring Program,d3d0568f05b454d7,MS3,MS3
80831679673041198a2c8411fd395080,2019-08-05 00:00:00.000000,668.0,,,6.38,,0.1,0.09,,,,0.33,,,474.0,65.0,,,20.4,8.29,41.2177,-81.7066,1216,Water Reporter,Team,True,1216,Water Reporter,Team,1003,Rocky River Watershed Monitoring Program,d3d0568f05b454d7,UEB3,UEB3
970fc8e4e2b0010abd189a1dd7207e57,2019-08-05 00:00:00.000000,,,,6.08,,,1.81,,,,,,,,100.0,,,21.7,,41.34993356,-81.77722933,1216,Water Reporter,Team,True,1216,Water Reporter,Team,1003,Rocky River Watershed Monitoring Program,d3d0568f05b454d7,BC7,BC7
676981954139a86b32a3b8ef92148dc0,2019-08-05 00:00:00.000000,,,,5.89,,2.1,0.67,,,,,,,,25.0,,,24.0,,41.34997887,-81.82612137,1216,Water Reporter,Team,True,1216,Water Reporter,Team,1003,Rocky River Watershed Monitoring Program,d3d0568f05b454d7,BC5,BC5
52a4937a4bd5359da5e6094e5f262158,2019-08-05 00:00:00.000000,,,,6.87,,5.4,0.93,,,,,,,,43.0,,,23.7,,41.36301,-81.854031,1216,Water Reporter,Team,True,1216,Water Reporter,Team,1003,Rocky River Watershed Monitoring Program,d3d0568f05b454d7,BC2.5,BC2.5
7121b2c85aaca1e21982599411699b7b,2019-08-05 00:00:00.000000,,,,6.7,,0.2,0.76,,,,,,,,75.0,,,22.3,,41.37498391,-81.83283236,1216,Water Reporter,Team,True,1216,Water Reporter,Team,1003,Rocky River Watershed Monitoring Program,d3d0568f05b454d7,AC3,AC3
acae20c63a1b0fed9c899d4afbc73b07,2019-08-05 00:00:00.000000,,,,,,,,,,,,,,,,,Base Flow,,,41.34993356,-81.77722933,5476,Meg,Hennessey,True,5476,Meg,Hennessey,1003,Rocky River Watershed Monitoring Program,d3d0568f05b454d7,BC7,BC7
004b2093c53cd462d4a5a7d3f589a4cd,2019-08-05 00:00:00.000000,,,,,,,,,,,,,,,,,Slightly Elevated,,,41.36301,-81.854031,5476,Meg,Hennessey,True,5476,Meg,Hennessey,1003,Rocky River Watershed Monitoring Program,d3d0568f05b454d7,BC2.5,BC2.5
697af9f073f48256412384a81dbfe7ee,2019-08-05 00:00:00.000000,,,,,,,,,,,,,,,,,Base Flow,,,41.34997887,-81.82612137,5476,Meg,Hennessey,True,5476,Meg,Hennessey,1003,Rocky River Watershed Monitoring Program,d3d0568f05b454d7,BC5,BC5
e7c944a1a0165b3334a800c5fd4a1694,2019-08-05 00:00:00.000000,,,,,,,,,,,,,,,,,Base Flow,,,41.37498391,-81.83283236,5476,Meg,Hennessey,True,5476,Meg,Hennessey,1003,Rocky River Watershed Monitoring Program,d3d0568f05b454d7,AC3,AC3
acfd4d84eef386e9f3b35748d2747867,2019-08-07 00:00:00.000000,557.0,,,8.2,,0.4,0.56,,,,0.28,,,396.0,21.0,,,24.8,8.68,41.47702412,-81.82999061,1216,Water Reporter,Team,True,1216,Water Reporter,Team,1003,Rocky River Watershed Monitoring Program,d3d0568f05b454d7,MS3,MS3
7446233899d311b8520b9f26fd8ca462,2019-08-11 00:00:00.000000,,,,4.78,,0.0,0.63,,,,0.61,,,855.0,47.8,,,22.1,7.73,41.239,-81.818,1216,Water Reporter,Team,True,1216,Water Reporter,Team,1003,Rocky River Watershed Monitoring Program,d3d0568f05b454d7,PC4,PC4
8f67efb01629a9d1894ab71e7f3721fa,2019-08-11 00:00:00.000000,,,,5.74,,0.4,0.86,,,,0.48,,,685.0,100.0,,,22.3,7.67,41.24695161,-81.83086455,1216,Water Reporter,Team,True,1216,Water Reporter,Team,1003,Rocky River Watershed Monitoring Program,d3d0568f05b454d7,PC3,PC3
2d674075361951352094bc0c4873ddbf,2019-08-11 00:00:00.000000,,,,2.85,,0.1,0.05,,,,0.3,,,420.0,32.9,,,24.1,7.73,41.23399597,-81.81094233,1216,Water Reporter,Team,True,1216,Water Reporter,Team,1003,Rocky River Watershed Monitoring Program,d3d0568f05b454d7,PC2,PC2
390902fadc733b2ccd00a7a07299f458,2019-08-11 00:00:00.000000,,,,,,,,,,,,,,,,,Base Flow,,,41.23399597,-81.81094233,5476,Meg,Hennessey,True,5476,Meg,Hennessey,1003,Rocky River Watershed Monitoring Program,d3d0568f05b454d7,PC2,PC2
4709e1b9d5b0423eb3f47a4bccce3097,2019-08-11 00:00:00.000000,,,,,,,,,,,,,,,,,Base Flow,,,41.24695161,-81.83086455,5476,Meg,Hennessey,True,5476,Meg,Hennessey,1003,Rocky River Watershed Monitoring Program,d3d0568f05b454d7,PC3,PC3
06298df8b751e196337e38b2531f538f,2019-08-11 00:00:00.000000,,,,,,,,,,,,,,,,,Base Flow,,,41.239,-81.818,5476,Meg,Hennessey,True,5476,Meg,Hennessey,1003,Rocky River Watershed Monitoring Program,d3d0568f05b454d7,PC4,PC4
61bff522d8d3974cdd3cbd49183e83ea,2019-08-24 00:00:00.000000,,,,3.08,,0.2,1.42,,,,0.38,,,539.0,48.6,,,17.2,7.8,41.239,-81.818,1216,Water Reporter,Team,True,1216,Water Reporter,Team,1003,Rocky River Watershed Monitoring Program,d3d0568f05b454d7,PC4,PC4
b473ea0b4da1865f1561e0e2e4876adc,2019-08-24 00:00:00.000000,,,,4.96,,0.6,0.98,,,,0.39,,,555.0,100.0,,,18.8,7.48,41.24695161,-81.83086455,1216,Water Reporter,Team,True,1216,Water Reporter,Team,1003,Rocky River Watershed Monitoring Program,d3d0568f05b454d7,PC3,PC3
aa18d04df5d5f53c4875338f4a99f4e2,2019-08-24 00:00:00.000000,,,,4.45,,0.2,0.28,,,,0.29,,,415.0,34.8,,,22.1,7.93,41.23399597,-81.81094233,1216,Water Reporter,Team,True,1216,Water Reporter,Team,1003,Rocky River Watershed Monitoring Program,d3d0568f05b454d7,PC2,PC2
aa55c695cbd5176789149a841b3aebe7,2019-08-24 00:00:00.000000,,,,,,,,,,,,,,,,,Base Flow,,,41.239,-81.818,5476,Meg,Hennessey,True,5476,Meg,Hennessey,1003,Rocky River Watershed Monitoring Program,d3d0568f05b454d7,PC4,PC4
418e10a3ccf5bb1dc2da7497754756be,2019-08-24 00:00:00.000000,,,,,,,,,,,,,,,,,Base Flow,,,41.24695161,-81.83086455,5476,Meg,Hennessey,True,5476,Meg,Hennessey,1003,Rocky River Watershed Monitoring Program,d3d0568f05b454d7,PC3,PC3
e467fee602f6f2d44349722e2ea607b7,2019-08-24 00:00:00.000000,,,,,,,,,,,,,,,,,Slightly Elevated,,,41.23399597,-81.81094233,5476,Meg,Hennessey,True,5476,Meg,Hennessey,1003,Rocky River Watershed Monitoring Program,d3d0568f05b454d7,PC2,PC2
e5b7e25433b104ccf20b6820e25d3fe9,2019-08-25 00:00:00.000000,,,,10.7,,0.7,1.19,,,,,,,670.0,100.0,,,23.0,8.65,41.41611064,-81.87328297,1216,Water Reporter,Team,True,1216,Water Reporter,Team,1003,Rocky River Watershed Monitoring Program,d3d0568f05b454d7,MS2,MS2
57c0c7ac40a3ba2a92cf593ff7c3d4f3,2019-08-25 00:00:00.000000,,,,6.2,,0.2,,,,,,,,557.0,100.0,,,20.3,8.27,41.43899699,-81.85506705,1216,Water Reporter,Team,True,1216,Water Reporter,Team,1003,Rocky River Watershed Monitoring Program,d3d0568f05b454d7,CC2,CC2
3a0bc6e1fc71192bddb7c404df612fd8,2019-08-25 00:00:00.000000,,,,,,,,,,,,,,,,,Base Flow,,,41.43899699,-81.85506705,5476,Meg,Hennessey,True,5476,Meg,Hennessey,1003,Rocky River Watershed Monitoring Program,d3d0568f05b454d7,CC2,CC2
69152e4b2a117747ea9169988ca24af2,2019-08-25 00:00:00.000000,,,,,,,,,,,,,,,,,Base Flow,,,41.41611064,-81.87328297,5476,Meg,Hennessey,True,5476,Meg,Hennessey,1003,Rocky River Watershed Monitoring Program,d3d0568f05b454d7,MS2,MS2
771d3671203f559f9ca4ad3012d18103,2019-08-28 00:00:00.000000,800.0,,,10.4,,1.3,0.26,,,,0.4,,,567.0,60.0,,,24.6,8.6,41.47702412,-81.82999061,1216,Water Reporter,Team,True,1216,Water Reporter,Team,1003,Rocky River Watershed Monitoring Program,d3d0568f05b454d7,MS3,MS3
126d773276e8efc4e80b4d1fddcc7ecc,2019-09-01 00:00:00.000000,,,,8.45,,,,,,,0.05,,,720.0,100.0,,,21.3,7.74,41.34993356,-81.77722933,1216,Water Reporter,Team,True,1216,Water Reporter,Team,1003,Rocky River Watershed Monitoring Program,d3d0568f05b454d7,BC7,BC7
d4366ba8611eae6ba28265c47543dde1,2019-09-01 00:00:00.000000,,,,5.68,,,1.86,,,,0.05,,,699.0,98.0,,,21.1,7.9,41.34997887,-81.82612137,1216,Water Reporter,Team,True,1216,Water Reporter,Team,1003,Rocky River Watershed Monitoring Program,d3d0568f05b454d7,BC5,BC5
4f6b89f3fd8c49260fdd1d811c1a9ee6,2019-09-01 00:00:00.000000,,,,8.47,,4.8,0.29,,,,0.05,,,688.0,90.0,,,21.4,7.86,41.36301,-81.854031,1216,Water Reporter,Team,True,1216,Water Reporter,Team,1003,Rocky River Watershed Monitoring Program,d3d0568f05b454d7,BC2.5,BC2.5
cebed57730d461373f746d76c4cf1268,2019-09-01 00:00:00.000000,,,,13.12,,0.5,0.82,,,,0.06,,,807.0,57.0,,,19.1,8.21,41.37498391,-81.83283236,1216,Water Reporter,Team,True,1216,Water Reporter,Team,1003,Rocky River Watershed Monitoring Program,d3d0568f05b454d7,AC3,AC3
8e61cfad783505e518fb1753709fb05b,2019-09-01 00:00:00.000000,,,,,,,,,,,,,,,,,Base Flow,,,41.34997887,-81.82612137,5476,Meg,Hennessey,True,5476,Meg,Hennessey,1003,Rocky River Watershed Monitoring Program,d3d0568f05b454d7,BC5,BC5
30bdd23ce49b318444cf3a9574867947,2019-09-01 00:00:00.000000,,,,,,,,,,,,,,,,,Base Flow,,,41.37498391,-81.83283236,5476,Meg,Hennessey,True,5476,Meg,Hennessey,1003,Rocky River Watershed Monitoring Program,d3d0568f05b454d7,AC3,AC3
f602eb1e0fcfbd42ddee83054fda414c,2019-09-01 00:00:00.000000,,,,,,,,,,,,,,,,,Base Flow,,,41.36301,-81.854031,5476,Meg,Hennessey,True,5476,Meg,Hennessey,1003,Rocky River Watershed Monitoring Program,d3d0568f05b454d7,BC2.5,BC2.5
814ab13e78d89720894b8ae85714ce1f,2019-09-01 00:00:00.000000,,,,,,,,,,,,,,,,,Base Flow,,,41.34993356,-81.77722933,5476,Meg,Hennessey,True,5476,Meg,Hennessey,1003,Rocky River Watershed Monitoring Program,d3d0568f05b454d7,BC7,BC7
2c8c357748c86bc4d49abbff453f1e9d,2019-09-02 00:00:00.000000,,,,3.9,,0.2,0.57,,,,0.22,,,317.0,73.8,,,19.9,7.88,41.239,-81.818,1216,Water Reporter,Team,True,1216,Water Reporter,Team,1003,Rocky River Watershed Monitoring Program,d3d0568f05b454d7,PC4,PC4
ca120b905600ef30912e1d03812798de,2019-09-02 00:00:00.000000,,,,5.58,,0.3,0.03,,,,0.29,,,408.0,100.0,,,20.1,7.61,41.24695161,-81.83086455,1216,Water Reporter,Team,True,1216,Water Reporter,Team,1003,Rocky River Watershed Monitoring Program,d3d0568f05b454d7,PC3,PC3
35b1d5985aa146e6a304e0e804fc7428,2019-09-02 00:00:00.000000,,,,6.53,,0.0,0.07,,,,0.58,,,778.0,35.2,,,21.7,8.55,41.23399597,-81.81094233,1216,Water Reporter,Team,True,1216,Water Reporter,Team,1003,Rocky River Watershed Monitoring Program,d3d0568f05b454d7,PC2,PC2
1d9104bc599f664424fbd8bf75401d63,2019-09-02 00:00:00.000000,,,,,,,,,,,,,,,,,Slightly Elevated,,,41.239,-81.818,5476,Meg,Hennessey,True,5476,Meg,Hennessey,1003,Rocky River Watershed Monitoring Program,d3d0568f05b454d7,PC4,PC4
d686a0d2533bbebd02b380b69a208c93,2019-09-02 00:00:00.000000,,,,,,,,,,,,,,,,,Slightly Elevated,,,41.24695161,-81.83086455,5476,Meg,Hennessey,True,5476,Meg,Hennessey,1003,Rocky River Watershed Monitoring Program,d3d0568f05b454d7,PC3,PC3
994f0a15adb3fcc7e72e4b9b4f28b907,2019-09-02 00:00:00.000000,,,,,,,,,,,,,,,,,Slightly Elevated,,,41.23399597,-81.81094233,5476,Meg,Hennessey,True,5476,Meg,Hennessey,1003,Rocky River Watershed Monitoring Program,d3d0568f05b454d7,PC2,PC2
24cc7b64cd3f7f8e5c392c9b9a5acc41,2019-09-04 00:00:00.000000,800.0,,,10.4,,1.3,0.26,,,,0.4,,,567.0,71.0,,,25.7,8.86,41.47702412,-81.82999061,1216,Water Reporter,Team,True,1216,Water Reporter,Team,1003,Rocky River Watershed Monitoring Program,d3d0568f05b454d7,MS3,MS3
6b97836ce20b5927cd0742fa47a0a56a,2019-09-06 00:00:00.000000,765.0,,,7.3,,0.0,0.09,,,,0.34,,,537.0,31.0,,,17.0,8.19,41.2177,-81.7066,1216,Water Reporter,Team,True,1216,Water Reporter,Team,1003,Rocky River Watershed Monitoring Program,d3d0568f05b454d7,UEB3,UEB3
00e75e22b04ed738962091d26c02db0f,2019-09-06 00:00:00.000000,831.0,,,6.12,,0.4,0.11,,,,0.39,,,558.0,1.2,,,19.8,8.04,41.21754476,-81.7142186,1216,Water Reporter,Team,True,1216,Water Reporter,Team,1003,Rocky River Watershed Monitoring Program,d3d0568f05b454d7,UEB2,UEB2
9b9776298a4051b15196a9dfb2ee2101,2019-09-09 00:00:00.000000,906.0,,,9.1,,0.1,0.27,,,,0.47,,,670.0,120.0,,,17.2,8.35,,,1216,Water Reporter,Team,True,1216,Water Reporter,Team,1003,Rocky River Watershed Monitoring Program,d3d0568f05b454d7,,
d5ec55131392872d4b59efc5164f7fb5,2019-09-13 00:00:00.000000,914.0,,,8.8,,2.4,0.31,,,,0.46,,,651.0,1.0,,,22.9,8.18,41.47702412,-81.82999061,1216,Water Reporter,Team,True,1216,Water Reporter,Team,1003,Rocky River Watershed Monitoring Program,d3d0568f05b454d7,MS3,MS3
35cd59dc190b81b368848d1905a44c4c,2019-09-14 00:00:00.000000,,,,5.33,,0.2,0.08,,,,0.2,,,283.0,21.6,,,21.8,8.02,41.23399597,-81.81094233,1216,Water Reporter,Team,True,1216,Water Reporter,Team,1003,Rocky River Watershed Monitoring Program,d3d0568f05b454d7,PC2,PC2
ba75a7da044cf5ee8d9d487ca1496daf,2019-09-14 00:00:00.000000,,,,,,,,,,,,,,,,,Base Flow,,,41.23399597,-81.81094233,5476,Meg,Hennessey,True,5476,Meg,Hennessey,1003,Rocky River Watershed Monitoring Program,d3d0568f05b454d7,PC2,PC2
dcc7ba64d78a7c43624ae01ac186cf34,2019-09-15 00:00:00.000000,,,,3.5,,0.4,0.26,,,,0.31,,,433.0,38.0,,,18.1,7.63,41.239,-81.818,1216,Water Reporter,Team,True,1216,Water Reporter,Team,1003,Rocky River Watershed Monitoring Program,d3d0568f05b454d7,PC4,PC4
fc3e74eb76756b7922be539606d74b4d,2019-09-15 00:00:00.000000,,,,6.3,,0.1,1.61,,,,0.35,,,492.0,100.0,,,19.7,7.76,41.24695161,-81.83086455,1216,Water Reporter,Team,True,1216,Water Reporter,Team,1003,Rocky River Watershed Monitoring Program,d3d0568f05b454d7,PC3,PC3
c2d7c7e071c502b17eb615f7cf908424,2019-09-15 00:00:00.000000,,,,,,,,,,,,,,,,,Base Flow,,,41.24695161,-81.83086455,5476,Meg,Hennessey,True,5476,Meg,Hennessey,1003,Rocky River Watershed Monitoring Program,d3d0568f05b454d7,PC3,PC3
0952b17ac41207c3cc61aaa24f5a2d8f,2019-09-15 00:00:00.000000,,,,,,,,,,,,,,,,,Base Flow,,,41.239,-81.818,5476,Meg,Hennessey,True,5476,Meg,Hennessey,1003,Rocky River Watershed Monitoring Program,d3d0568f05b454d7,PC4,PC4
40463eba56391580aea2866873b3f774,2019-09-20 00:00:00.000000,936.0,,,0.4,,1.3,0.22,,,,0.47,,,669.0,33.0,,,23.1,8.56,41.47702412,-81.82999061,1216,Water Reporter,Team,True,1216,Water Reporter,Team,1003,Rocky River Watershed Monitoring Program,d3d0568f05b454d7,MS3,MS3
c8731b027d3188ec3268ac9d73a8323e,2019-09-28 00:00:00.000000,,,,2.84,,0.1,0.35,,,,0.59,,,844.0,83.1,,,18.9,7.73,41.239,-81.818,1216,Water Reporter,Team,True,1216,Water Reporter,Team,1003,Rocky River Watershed Monitoring Program,d3d0568f05b454d7,PC4,PC4
90ed308c1f28c2d6d0ff06cf4912b148,2019-09-28 00:00:00.000000,,,,4.1,,0.5,0.09,,,,0.5,,,721.0,100.0,,,18.9,7.7,41.24695161,-81.83086455,1216,Water Reporter,Team,True,1216,Water Reporter,Team,1003,Rocky River Watershed Monitoring Program,d3d0568f05b454d7,PC3,PC3
8edb4270f6d3fd718e26e35d66615f27,2019-09-28 00:00:00.000000,,,,3.23,,0.2,0.69,,,,0.25,,,350.0,100.0,,,20.5,7.81,41.23399597,-81.81094233,1216,Water Reporter,Team,True,1216,Water Reporter,Team,1003,Rocky River Watershed Monitoring Program,d3d0568f05b454d7,PC2,PC2
9eaa45f603a6a65457656622099b8357,2019-09-28 00:00:00.000000,,,,,,,,,,,,,,,,,Base Flow,,,41.239,-81.818,5476,Meg,Hennessey,True,5476,Meg,Hennessey,1003,Rocky River Watershed Monitoring Program,d3d0568f05b454d7,PC4,PC4
bb47862a6272264fd078fd01334a1131,2019-09-28 00:00:00.000000,,,,,,,,,,,,,,,,,Base Flow,,,41.24695161,-81.83086455,5476,Meg,Hennessey,True,5476,Meg,Hennessey,1003,Rocky River Watershed Monitoring Program,d3d0568f05b454d7,PC3,PC3
ea1f5cd93ae89ac4111b8f19d905c4d3,2019-09-28 00:00:00.000000,,,,,,,,,,,,,,,,,Base Flow,,,41.23399597,-81.81094233,5476,Meg,Hennessey,True,5476,Meg,Hennessey,1003,Rocky River Watershed Monitoring Program,d3d0568f05b454d7,PC2,PC2
a89536ba93cde77cc4ef80d2aee25d9d,2019-10-04 00:00:00.000000,,,,7.0,,1.5,0.31,,,,0.45,,,638.0,38.2,,,19.3,8.3,41.47702412,-81.82999061,1216,Water Reporter,Team,True,1216,Water Reporter,Team,1003,Rocky River Watershed Monitoring Program,d3d0568f05b454d7,MS3,MS3
e16e58af0a7564ea480f77fcbf255889,2019-10-04 00:00:00.000000,,,,10.4,,2.4,0.35,,,,0.44,,,624.0,120.0,,Base Flow,19.4,8.77,41.46,-81.822,5476,Meg,Hennessey,True,5476,Meg,Hennessey,1003,Rocky River Watershed Monitoring Program,d3d0568f05b454d7,MS4,MS4
66eb4ea2483b9cee5c5292db783f4921,2019-10-04 00:00:00.000000,,,,,,,,,,,,,,,,,Base Flow,,,41.47702412,-81.82999061,5476,Meg,Hennessey,True,5476,Meg,Hennessey,1003,Rocky River Watershed Monitoring Program,d3d0568f05b454d7,MS3,MS3
58495a3ca97479a3666348aeffac2b9c,2019-10-06 00:00:00.000000,,,,2.15,,0.1,,,,,0.69,,,977.0,100.0,,,15.5,7.8,41.239,-81.818,1216,Water Reporter,Team,True,1216,Water Reporter,Team,1003,Rocky River Watershed Monitoring Program,d3d0568f05b454d7,PC4,PC4
d6a07b4ce62ae07a51193ccfcc5201ca,2019-10-06 00:00:00.000000,,,,3.56,,0.4,,,,,0.47,,,644.0,100.0,,,17.2,7.65,41.24695161,-81.83086455,1216,Water Reporter,Team,True,1216,Water Reporter,Team,1003,Rocky River Watershed Monitoring Program,d3d0568f05b454d7,PC3,PC3
d8dd4c297962d55da651bf5668f466e3,2019-10-06 00:00:00.000000,,,,3.65,,0.2,,,,,0.39,,,553.0,100.0,,,17.2,8.0,41.23399597,-81.81094233,1216,Water Reporter,Team,True,1216,Water Reporter,Team,1003,Rocky River Watershed Monitoring Program,d3d0568f05b454d7,PC2,PC2
f853c81699eb9ea2ba00dd57fc3c215b,2019-10-06 00:00:00.000000,,,,,,,,,,,,,,,,,Base Flow,,,41.24695161,-81.83086455,5476,Meg,Hennessey,True,5476,Meg,Hennessey,1003,Rocky River Watershed Monitoring Program,d3d0568f05b454d7,PC3,PC3
5838c7dd591aa7aef241668299f5c06a,2019-10-06 00:00:00.000000,,,,,,,,,,,,,,,,,Base Flow,,,41.23399597,-81.81094233,5476,Meg,Hennessey,True,5476,Meg,Hennessey,1003,Rocky River Watershed Monitoring Program,d3d0568f05b454d7,PC2,PC2
7e235f3a3a908c7a84048da5e0b86186,2019-10-06 00:00:00.000000,,,,,,,,,,,,,,,,,Base Flow,,,41.239,-81.818,5476,Meg,Hennessey,True,5476,Meg,Hennessey,1003,Rocky River Watershed Monitoring Program,d3d0568f05b454d7,PC4,PC4
1718f518d8fd116f1416a17133e4581b,2019-10-11 00:00:00.000000,,,,7.0,,,,,,,0.67,,,955.0,32.0,,,15.9,7.75,41.47702412,-81.82999061,1216,Water Reporter,Team,True,1216,Water Reporter,Team,1003,Rocky River Watershed Monitoring Program,d3d0568f05b454d7,MS3,MS3
39e8cccf8c40c0a55ea5d47d693f6c56,2019-10-11 00:00:00.000000,,,,6.3,,,,,,,,,,923.0,100.0,,,16.4,7.27,41.44804223,-81.8362937,1216,Water Reporter,Team,True,1216,Water Reporter,Team,1003,Rocky River Watershed Monitoring Program,d3d0568f05b454d7,CC1,CC1
6cff7b8ec562e2763722f8de6ee12195,2019-10-11 00:00:00.000000,,,,,,,,,,,,,,,,,Base Flow,,,41.44804223,-81.8362937,5476,Meg,Hennessey,True,5476,Meg,Hennessey,1003,Rocky River Watershed Monitoring Program,d3d0568f05b454d7,CC1,CC1
6c4d955d4e0319738e7b338c89d7755b,2019-10-11 00:00:00.000000,,,,,,,,,,,,,,,,,Base Flow,,,41.47702412,-81.82999061,5476,Meg,Hennessey,True,5476,Meg,Hennessey,1003,Rocky River Watershed Monitoring Program,d3d0568f05b454d7,MS3,MS3
94ebda1ac83c95b13d6bb0ffeb6ab8c8,2019-10-11 00:00:00.000000,,,,10.4,,,,,,,,,,649.0,85.0,,Base Flow,16.6,8.45,41.46,-81.822,5476,Meg,Hennessey,True,5476,Meg,Hennessey,1003,Rocky River Watershed Monitoring Program,d3d0568f05b454d7,MS4,MS4
07f6e744533c9dde8f22cac4786071bc,2019-10-15 00:00:00.000000,,,,8.55,,0.0,,,,,,,,487.0,64.0,,,9.4,8.15,41.2177,-81.7066,1216,Water Reporter,Team,True,1216,Water Reporter,Team,1003,Rocky River Watershed Monitoring Program,d3d0568f05b454d7,UEB3,UEB3
099a132d85ca28f98254785380a0e07a,2019-10-15 00:00:00.000000,,,,6.3,,0.2,,,,,,,,479.0,100.0,,,10.5,7.93,41.21754476,-81.7142186,1216,Water Reporter,Team,True,1216,Water Reporter,Team,1003,Rocky River Watershed Monitoring Program,d3d0568f05b454d7,UEB2,UEB2
ed5a031ae6c5eb51bffbd2d750147abc,2019-10-15 00:00:00.000000,,,,,,,,,,,,,,,,,Base Flow,,,41.21754476,-81.7142186,5476,Meg,Hennessey,True,5476,Meg,Hennessey,1003,Rocky River Watershed Monitoring Program,d3d0568f05b454d7,UEB2,UEB2
aa85be218b8f319f4ff9a78dc7329808,2019-10-15 00:00:00.000000,,,,,,,,,,,,,,,,,Base Flow,,,41.2177,-81.7066,5476,Meg,Hennessey,True,5476,Meg,Hennessey,1003,Rocky River Watershed Monitoring Program,d3d0568f05b454d7,UEB3,UEB3
8b8be3bb4dc51af669af99fc03fd884d,2019-10-20 00:00:00.000000,,,,4.63,,0.2,,,,,0.43,,,620.0,100.0,,,16.0,7.64,41.239,-81.818,1216,Water Reporter,Team,True,1216,Water Reporter,Team,1003,Rocky River Watershed Monitoring Program,d3d0568f05b454d7,PC4,PC4
8b1c836d101c77d4d18c11ddba9628e7,2019-10-20 00:00:00.000000,,,,6.1,,1.4,,,,,0.11,,,159.0,100.0,,,15.6,7.5,41.24695161,-81.83086455,1216,Water Reporter,Team,True,1216,Water Reporter,Team,1003,Rocky River Watershed Monitoring Program,d3d0568f05b454d7,PC3,PC3
340d8f0167187ba92ff39f546131bc77,2019-10-20 00:00:00.000000,,,,8.49,,0.2,,,,,0.27,,,376.0,71.8,,,14.2,8.15,41.23399597,-81.81094233,1216,Water Reporter,Team,True,1216,Water Reporter,Team,1003,Rocky River Watershed Monitoring Program,d3d0568f05b454d7,PC2,PC2
441d97119059fe676bb4c300d8dcec45,2019-10-20 00:00:00.000000,,,,17.2,,1.4,0.27,,,,0.65,,,866.0,100.0,,,18.5,8.73,41.41611064,-81.87328297,1216,Water Reporter,Team,True,1216,Water Reporter,Team,1003,Rocky River Watershed Monitoring Program,d3d0568f05b454d7,MS2,MS2
36fb4f65b199f5a8e0f0c9bf06081981,2019-10-20 00:00:00.000000,,,,10.8,,,0.46,,,,0.42,,,6.44,45.0,,,11.5,8.23,41.43899699,-81.85506705,1216,Water Reporter,Team,True,1216,Water Reporter,Team,1003,Rocky River Watershed Monitoring Program,d3d0568f05b454d7,CC2,CC2
72727f821792879af51aad4a05302caf,2019-10-20 00:00:00.000000,,,,,,,,,,,,,,,,,Base Flow,,,41.41611064,-81.87328297,5476,Meg,Hennessey,True,5476,Meg,Hennessey,1003,Rocky River Watershed Monitoring Program,d3d0568f05b454d7,MS2,MS2
32f3fe340c62b5ae7a51053045d6324c,2019-10-20 00:00:00.000000,,,,,,,,,,,,,,,,,Base Flow,,,41.24695161,-81.83086455,5476,Meg,Hennessey,True,5476,Meg,Hennessey,1003,Rocky River Watershed Monitoring Program,d3d0568f05b454d7,PC3,PC3
dcbb14f335cd77ebb2841f9ff4bc543b,2019-10-20 00:00:00.000000,,,,,,,,,,,,,,,,,Base Flow,,,41.23399597,-81.81094233,5476,Meg,Hennessey,True,5476,Meg,Hennessey,1003,Rocky River Watershed Monitoring Program,d3d0568f05b454d7,PC2,PC2
d3933c48794194cdda18a76aead0e43e,2019-10-20 00:00:00.000000,,,,,,,,,,,,,,,,,Base Flow,,,41.239,-81.818,5476,Meg,Hennessey,True,5476,Meg,Hennessey,1003,Rocky River Watershed Monitoring Program,d3d0568f05b454d7,PC4,PC4
e0ee82354df6cb2b66c635ab7f3fcc39,2019-10-20 00:00:00.000000,,,,,,,,,,,,,,,,,Base Flow,,,41.43899699,-81.85506705,5476,Meg,Hennessey,True,5476,Meg,Hennessey,1003,Rocky River Watershed Monitoring Program,d3d0568f05b454d7,CC2,CC2
d8911a6d1bdc859bca86e7111c078b1f,2019-10-26 00:00:00.000000,1006.0,,,6.1,,2.7,1.49,,,,0.52,,,1020.0,,,,13.1,8.94,,,1216,Water Reporter,Team,True,1216,Water Reporter,Team,1003,Rocky River Watershed Monitoring Program,d3d0568f05b454d7,,
53cac21403290258e4674d5501cf1057,2019-10-26 00:00:00.000000,,,,6.1,,2.7,1.49,,,,0.52,,,1020.0,,,Base Flow,13.1,8.94,41.378,-81.899,5476,Meg,Hennessey,True,5476,Meg,Hennessey,1003,Rocky River Watershed Monitoring Program,d3d0568f05b454d7,PCO1,PCO1
0a982359cfb493e2dabeced672cdb8ba,2019-10-28 00:00:00.000000,,,,12.26,,2.7,0.49,,,,0.04,,,549.0,90.0,,,14.6,7.82,41.34997887,-81.82612137,1216,Water Reporter,Team,True,1216,Water Reporter,Team,1003,Rocky River Watershed Monitoring Program,d3d0568f05b454d7,BC5,BC5
c03e4d24f5f55d05fd2679232553e206,2019-10-28 00:00:00.000000,,,,7.1,,1.9,0.36,,,,0.03,,,477.0,100.0,,,12.5,7.97,41.36301,-81.854031,1216,Water Reporter,Team,True,1216,Water Reporter,Team,1003,Rocky River Watershed Monitoring Program,d3d0568f05b454d7,BC2.5,BC2.5
db497b18b3265c59829499016f8efc7f,2019-10-28 00:00:00.000000,,,,6.66,,0.3,0.45,,,,0.05,,,739.0,100.0,,,12.4,8.6,41.37498391,-81.83283236,1216,Water Reporter,Team,True,1216,Water Reporter,Team,1003,Rocky River Watershed Monitoring Program,d3d0568f05b454d7,AC3,AC3
eeaf57a257a9ae33dce76bcbe08b06ed,2019-10-28 00:00:00.000000,,,,,,,,,,,,,,,,,Slightly Elevated,,,41.37498391,-81.83283236,5476,Meg,Hennessey,True,5476,Meg,Hennessey,1003,Rocky River Watershed Monitoring Program,d3d0568f05b454d7,AC3,AC3
7b91edeeb1a65a189c364e12b9f6f7c6,2019-10-28 00:00:00.000000,,,,,,,,,,,,,,,,,Slightly Elevated,,,41.36301,-81.854031,5476,Meg,Hennessey,True,5476,Meg,Hennessey,1003,Rocky River Watershed Monitoring Program,d3d0568f05b454d7,BC2.5,BC2.5
0644ba88379ea4d0e656bf92c5ab2686,2019-10-28 00:00:00.000000,,,,,,,,,,,,,,,,,Slightly Elevated,,,41.34997887,-81.82612137,5476,Meg,Hennessey,True,5476,Meg,Hennessey,1003,Rocky River Watershed Monitoring Program,d3d0568f05b454d7,BC5,BC5
2b93dcd5d9a4f17ff6f877147242dc39,2019-10-30 00:00:00.000000,,,,6.53,,4.3,1.06,,,,0.04,,,613.0,100.0,,,14.2,7.77,41.34993356,-81.77722933,1216,Water Reporter,Team,True,1216,Water Reporter,Team,1003,Rocky River Watershed Monitoring Program,d3d0568f05b454d7,BC7,BC7
69ca2d0690ec0ec091b195d34b3eeed3,2019-10-30 00:00:00.000000,,,,,,,,,,,,,,,,,Slightly Elevated,,,41.34993356,-81.77722933,5476,Meg,Hennessey,True,5476,Meg,Hennessey,1003,Rocky River Watershed Monitoring Program,d3d0568f05b454d7,BC7,BC7
85754adef9228995fc9cd649ef66fc47,2019-11-01 00:00:00.000000,,,,13.0,,0.4,0.16,,,,,,,775.0,15.0,,,10.3,8.35,41.47702412,-81.82999061,1216,Water Reporter,Team,True,1216,Water Reporter,Team,1003,Rocky River Watershed Monitoring Program,d3d0568f05b454d7,MS3,MS3
f3e86a11ca2a4003240db4cda55ac8bb,2019-11-01 00:00:00.000000,,,,14.1,,1.5,0.23,,,,,,,745.0,100.0,,,8.7,8.39,41.44804223,-81.8362937,1216,Water Reporter,Team,True,1216,Water Reporter,Team,1003,Rocky River Watershed Monitoring Program,d3d0568f05b454d7,CC1,CC1
fc34b3d564370a8096e0949aa11f4c22,2019-11-01 00:00:00.000000,,,,,,,,,,,,,,,,,Highly Elevated,,,41.47702412,-81.82999061,5476,Meg,Hennessey,True,5476,Meg,Hennessey,1003,Rocky River Watershed Monitoring Program,d3d0568f05b454d7,MS3,MS3
770d96c7e447e3165337a7cd90a97abc,2019-11-01 00:00:00.000000,,,,14.6,,0.3,0.93,,,,,,,843.0,12.0,,Highly Elevated,10.3,8.4,41.46,-81.822,5476,Meg,Hennessey,True,5476,Meg,Hennessey,1003,Rocky River Watershed Monitoring Program,d3d0568f05b454d7,MS4,MS4
cb74f35043eaac83cdff9d6ce67df279,2019-11-01 00:00:00.000000,,,,,,,,,,,,,,,,,Slightly Elevated,,,41.44804223,-81.8362937,5476,Meg,Hennessey,True,5476,Meg,Hennessey,1003,Rocky River Watershed Monitoring Program,d3d0568f05b454d7,CC1,CC1
5f8146bd3043290270a124ecb3213d09,2019-11-01 00:00:00.000000,,,,14.4,,0.1,0.21,,,,,,,650.0,13.0,,Highly Elevated,10.9,8.49,41.424,-81.857,5476,Meg,Hennessey,True,5476,Meg,Hennessey,1003,Rocky River Watershed Monitoring Program,d3d0568f05b454d7,MS5,MS5
1143f82328ff7631aa5ec73a511f4c6e,2019-11-02 00:00:00.000000,,,,5.15,,0.3,0.18,,,,0.31,,,434.0,100.0,,,7.1,7.42,41.239,-81.818,1216,Water Reporter,Team,True,1216,Water Reporter,Team,1003,Rocky River Watershed Monitoring Program,d3d0568f05b454d7,PC4,PC4
2cc2a30d6160e3b5bbcae16e9cc6f34e,2019-11-02 00:00:00.000000,,,,8.05,,0.7,0.09,,,,0.32,,,455.0,100.0,,,11.1,7.58,41.24695161,-81.83086455,1216,Water Reporter,Team,True,1216,Water Reporter,Team,1003,Rocky River Watershed Monitoring Program,d3d0568f05b454d7,PC3,PC3
7812728f3c31102e05bd4ff992a56a34,2019-11-02 00:00:00.000000,,,,7.71,,0.2,0.49,,,,0.24,,,342.0,20.0,,,10.0,7.4,41.23399597,-81.81094233,1216,Water Reporter,Team,True,1216,Water Reporter,Team,1003,Rocky River Watershed Monitoring Program,d3d0568f05b454d7,PC2,PC2
0299ac349a544d19ba7e1a2cf2526905,2019-11-02 00:00:00.000000,,,,,,,,,,,,,,,,,Base Flow,,,41.23399597,-81.81094233,5476,Meg,Hennessey,True,5476,Meg,Hennessey,1003,Rocky River Watershed Monitoring Program,d3d0568f05b454d7,PC2,PC2
fbb82dc5eb0c0631d4e6bc6c39d7e241,2019-11-02 00:00:00.000000,,,,,,,,,,,,,,,,,Base Flow,,,41.239,-81.818,5476,Meg,Hennessey,True,5476,Meg,Hennessey,1003,Rocky River Watershed Monitoring Program,d3d0568f05b454d7,PC4,PC4
6438ec973ba488eafb0b2f4f3a4c0b47,2019-11-02 00:00:00.000000,,,,,,,,,,,,,,,,,Base Flow,,,41.24695161,-81.83086455,5476,Meg,Hennessey,True,5476,Meg,Hennessey,1003,Rocky River Watershed Monitoring Program,d3d0568f05b454d7,PC3,PC3
0275ef0145e593e1965ed60e68a9ecce,2019-11-05 00:00:00.000000,,,,9.25,,0.0,0.23,,,,,,,476.0,45.0,,,8.7,8.26,41.2177,-81.7066,1216,Water Reporter,Team,True,1216,Water Reporter,Team,1003,Rocky River Watershed Monitoring Program,d3d0568f05b454d7,UEB3,UEB3
49f86ad5b609ac46a86db979abee2046,2019-11-05 00:00:00.000000,,,,9.4,,0.2,0.29,,,,,,,519.0,100.0,,,10.8,7.84,41.21754476,-81.7142186,1216,Water Reporter,Team,True,1216,Water Reporter,Team,1003,Rocky River Watershed Monitoring Program,d3d0568f05b454d7,UEB2,UEB2
5880c3603349207c853499cb07bbf2b0,2019-11-05 00:00:00.000000,2120.0,,,12.3,,1.9,0.42,,,,1.02,,,1470.0,100.0,,,10.53,8.74,,,1216,Water Reporter,Team,True,1216,Water Reporter,Team,1003,Rocky River Watershed Monitoring Program,d3d0568f05b454d7,,
451aec54d72ba686f29041efee1de46e,2019-11-05 00:00:00.000000,,,,12.3,,1.9,0.42,,,,1.02,,,1470.0,100.0,,Base Flow,10.53,8.74,41.378,-81.899,5476,Meg,Hennessey,True,5476,Meg,Hennessey,1003,Rocky River Watershed Monitoring Program,d3d0568f05b454d7,PCO1,PCO1
94b476f05efeb9e98f965fa70349dd9f,2019-11-05 00:00:00.000000,,,,,,,,,,,,,,,,,Base Flow,,,41.21754476,-81.7142186,5476,Meg,Hennessey,True,5476,Meg,Hennessey,1003,Rocky River Watershed Monitoring Program,d3d0568f05b454d7,UEB2,UEB2
781f827e7dc6d5417cf5aecd0675fcd0,2019-11-05 00:00:00.000000,,,,,,,,,,,,,,,,,Slightly Elevated,,,41.2177,-81.7066,5476,Meg,Hennessey,True,5476,Meg,Hennessey,1003,Rocky River Watershed Monitoring Program,d3d0568f05b454d7,UEB3,UEB3
0e237c351448dcc9c4e766c405602982,2019-11-10 00:00:00.000000,946.0,,,13.9,,2.5,0.3,,,,480.0,,,669.0,100.0,,,7.7,9.02,,,1216,Water Reporter,Team,True,1216,Water Reporter,Team,1003,Rocky River Watershed Monitoring Program,d3d0568f05b454d7,,
d00462e649e57ddfa33820e5c6e1287b,2019-11-10 00:00:00.000000,,,,13.9,,2.5,0.3,,,,,,,669.0,100.0,,Base Flow,7.7,9.02,41.378,-81.899,5476,Meg,Hennessey,True,5476,Meg,Hennessey,1003,Rocky River Watershed Monitoring Program,d3d0568f05b454d7,PCO1,PCO1
ba90e36fee9deea6407d0ee060e1879c,2019-11-17 00:00:00.000000,1410.0,,,16.5,,0.6,0.23,,,,730.0,,,1020.0,100.0,,,5.3,9.0,,,1216,Water Reporter,Team,True,1216,Water Reporter,Team,1003,Rocky River Watershed Monitoring Program,d3d0568f05b454d7,,
3d633de068e145662b7405bbabb78628,2019-11-17 00:00:00.000000,,,,16.5,,0.6,0.23,,,,,,,1020.0,100.0,,Base Flow,5.3,9.0,41.378,-81.899,5476,Meg,Hennessey,True,5476,Meg,Hennessey,1003,Rocky River Watershed Monitoring Program,d3d0568f05b454d7,PCO1,PCO1
d01238e8079adb36e541dff887e8bb78,2019-11-26 00:00:00.000000,1218.0,,,14.2,,1.1,1.29,,,,610.0,,,859.0,100.0,,,7.6,9.38,,,1216,Water Reporter,Team,True,1216,Water Reporter,Team,1003,Rocky River Watershed Monitoring Program,d3d0568f05b454d7,,
49b3fdf83876173be9f9043f7d28ef0a,2019-11-26 00:00:00.000000,,,,14.2,,1.1,1.29,,,,,,,859.0,100.0,,Base Flow,7.6,9.38,41.378,-81.899,5476,Meg,Hennessey,True,5476,Meg,Hennessey,1003,Rocky River Watershed Monitoring Program,d3d0568f05b454d7,PCO1,PCO1
d05affe2b15544705a720649a1d121ed,2019-12-01 00:00:00.000000,1257.0,,,15.4,,5.0,0.14,,,,620.0,,,877.0,100.0,,,7.9,9.37,,,1216,Water Reporter,Team,True,1216,Water Reporter,Team,1003,Rocky River Watershed Monitoring Program,d3d0568f05b454d7,,
e518b7a0f0b8f427daba9288535a18cf,2019-12-01 00:00:00.000000,,,,15.4,,5.0,0.14,,,,,,,877.0,100.0,,Base Flow,7.9,9.37,41.378,-81.899,5476,Meg,Hennessey,True,5476,Meg,Hennessey,1003,Rocky River Watershed Monitoring Program,d3d0568f05b454d7,PCO1,PCO1
c5bd0673c4b8d072d31b810475684598,2019-12-07 00:00:00.000000,,,,8.88,,0.4,0.08,,,,0.74,,,1111.0,73.6,,,2.9,8.48,41.239,-81.818,1216,Water Reporter,Team,True,1216,Water Reporter,Team,1003,Rocky River Watershed Monitoring Program,d3d0568f05b454d7,PC4,PC4
00d674d03a70f52ad618c96748bd98cb,2019-12-07 00:00:00.000000,,,,10.81,,0.9,0.96,,,,0.54,,,764.0,100.0,,,5.8,8.03,41.24695161,-81.83086455,1216,Water Reporter,Team,True,1216,Water Reporter,Team,1003,Rocky River Watershed Monitoring Program,d3d0568f05b454d7,PC3,PC3
be02f97c4c11fd55f5fee0600bb656d5,2019-12-07 00:00:00.000000,,,,10.41,,0.3,0.25,,,,0.97,,,1420.0,66.8,,,3.1,8.63,41.23399597,-81.81094233,1216,Water Reporter,Team,True,1216,Water Reporter,Team,1003,Rocky River Watershed Monitoring Program,d3d0568f05b454d7,PC2,PC2
d36124f2a2cf82ebd0d35dd5b2b7ba84,2019-12-07 00:00:00.000000,,,,,,,,,,,,,,,,,Base Flow,,,41.24695161,-81.83086455,5476,Meg,Hennessey,True,5476,Meg,Hennessey,1003,Rocky River Watershed Monitoring Program,d3d0568f05b454d7,PC3,PC3
8bbaa0fa37107cf0db5db164eae4a258,2019-12-07 00:00:00.000000,,,,,,,,,,,,,,,,,Base Flow,,,41.239,-81.818,5476,Meg,Hennessey,True,5476,Meg,Hennessey,1003,Rocky River Watershed Monitoring Program,d3d0568f05b454d7,PC4,PC4
c856458ecf00c9e4b5d0128c65893848,2019-12-07 00:00:00.000000,,,,,,,,,,,,,,,,,Base Flow,,,41.23399597,-81.81094233,5476,Meg,Hennessey,True,5476,Meg,Hennessey,1003,Rocky River Watershed Monitoring Program,d3d0568f05b454d7,PC2,PC2
637ba3a915f6f831f3a909974a7e63ce,2019-12-08 00:00:00.000000,,,,12.17,,0.2,0.1,,,,,,,941.0,52.0,,,2.1,8.23,41.2177,-81.7066,1216,Water Reporter,Team,True,1216,Water Reporter,Team,1003,Rocky River Watershed Monitoring Program,d3d0568f05b454d7,UEB3,UEB3
daf2eb74ac87b9b03c117a4e9b2e7ea1,2019-12-08 00:00:00.000000,,,,10.95,,0.1,0.24,,,,,,,569.0,100.0,,,3.7,8.07,41.21754476,-81.7142186,1216,Water Reporter,Team,True,1216,Water Reporter,Team,1003,Rocky River Watershed Monitoring Program,d3d0568f05b454d7,UEB2,UEB2
1ad3155ce4ab294ca55e03c9fa37e923,2019-12-08 00:00:00.000000,1143.0,,,18.1,,0.5,0.5,,,,570.0,,,811.0,100.0,,,4.4,9.14,,,1216,Water Reporter,Team,True,1216,Water Reporter,Team,1003,Rocky River Watershed Monitoring Program,d3d0568f05b454d7,,
5c72ae08adcb299ee642f8186d0f66b8,2019-12-08 00:00:00.000000,,,,,,,,,,,,,,,,,Base Flow,,,41.21754476,-81.7142186,5476,Meg,Hennessey,True,5476,Meg,Hennessey,1003,Rocky River Watershed Monitoring Program,d3d0568f05b454d7,UEB2,UEB2
1e4ba3e750b528e9fc47903f19f3137b,2019-12-08 00:00:00.000000,,,,,,,,,,,,,,,,,Slightly Elevated,,,41.2177,-81.7066,5476,Meg,Hennessey,True,5476,Meg,Hennessey,1003,Rocky River Watershed Monitoring Program,d3d0568f05b454d7,UEB3,UEB3
caaed426307cd62710600f144f78c799,2019-12-08 00:00:00.000000,,,,18.1,,0.5,0.5,,,,,,,811.0,100.0,,Base Flow,4.4,9.14,41.378,-81.899,5476,Meg,Hennessey,True,5476,Meg,Hennessey,1003,Rocky River Watershed Monitoring Program,d3d0568f05b454d7,PCO1,PCO1
2294b00f1b31bfeb8fc61a4f11f63923,2019-12-13 00:00:00.000000,916.0,,,16.6,,1.0,0.13,,,,460.0,,,648.0,86.0,,,2.8,8.28,,,1216,Water Reporter,Team,True,1216,Water Reporter,Team,1003,Rocky River Watershed Monitoring Program,d3d0568f05b454d7,,
36396939f0855953a89614b131f62391,2019-12-13 00:00:00.000000,,,,16.6,,1.0,0.13,,,,,,,648.0,86.0,,Base Flow,2.8,8.28,41.378,-81.899,5476,Meg,Hennessey,True,5476,Meg,Hennessey,1003,Rocky River Watershed Monitoring Program,d3d0568f05b454d7,PCO1,PCO1
ed02da3e972f63eb75326f0ec47e2cf4,2019-12-20 00:00:00.000000,,,,18.4,,1.1,0.97,,,,,,,2510.0,120.0,,,0.2,8.0,41.44804223,-81.8362937,1216,Water Reporter,Team,True,1216,Water Reporter,Team,1003,Rocky River Watershed Monitoring Program,d3d0568f05b454d7,CC1,CC1
6accb5673f472a85c59c3dded9b42bfa,2019-12-20 00:00:00.000000,,,,,,,,,,,,,,,,,Base Flow,,,41.44804223,-81.8362937,5476,Meg,Hennessey,True,5476,Meg,Hennessey,1003,Rocky River Watershed Monitoring Program,d3d0568f05b454d7,CC1,CC1
c282368e56a8e5e385b511a22938e352,2019-12-20 00:00:00.000000,,,,20.8,,1.1,1.42,,,,,,,1100.0,88.0,,Base Flow,0.2,8.14,41.46,-81.822,5476,Meg,Hennessey,True,5476,Meg,Hennessey,1003,Rocky River Watershed Monitoring Program,d3d0568f05b454d7,MS4,MS4
ed99ca72695ee26a3cf22a0c11edbba5,2019-12-21 00:00:00.000000,,,,10.91,,0.5,0.02,,,,1.46,,,2080.0,100.0,,,1.1,8.03,41.239,-81.818,1216,Water Reporter,Team,True,1216,Water Reporter,Team,1003,Rocky River Watershed Monitoring Program,d3d0568f05b454d7,PC4,PC4
182857b144a7b85b908f7ebaeee94944,2019-12-21 00:00:00.000000,,,,12.88,,0.9,0.02,,,,0.72,,,1030.0,100.0,,,3.8,8.19,41.24695161,-81.83086455,1216,Water Reporter,Team,True,1216,Water Reporter,Team,1003,Rocky River Watershed Monitoring Program,d3d0568f05b454d7,PC3,PC3
483abbce74f61e6ea3638b4e2170936b,2019-12-21 00:00:00.000000,,,,10.56,,0.4,0.04,,,,0.67,,,949.0,70.6,,,2.2,8.11,41.23399597,-81.81094233,1216,Water Reporter,Team,True,1216,Water Reporter,Team,1003,Rocky River Watershed Monitoring Program,d3d0568f05b454d7,PC2,PC2
5d4cb601565ea65e450375feff20072c,2019-12-21 00:00:00.000000,,,,,,,,,,,,,,,,,Base Flow,,,41.239,-81.818,5476,Meg,Hennessey,True,5476,Meg,Hennessey,1003,Rocky River Watershed Monitoring Program,d3d0568f05b454d7,PC4,PC4
a6a9fe5b1365881b8c57b6e9f8062c49,2019-12-21 00:00:00.000000,,,,,,,,,,,,,,,,,Base Flow,,,41.24695161,-81.83086455,5476,Meg,Hennessey,True,5476,Meg,Hennessey,1003,Rocky River Watershed Monitoring Program,d3d0568f05b454d7,PC3,PC3
99901395ca761dd6f6d3b18e919c0bde,2019-12-21 00:00:00.000000,,,,,,,,,,,,,,,,,Base Flow,,,41.23399597,-81.81094233,5476,Meg,Hennessey,True,5476,Meg,Hennessey,1003,Rocky River Watershed Monitoring Program,d3d0568f05b454d7,PC2,PC2
68da49fd8168125ab9a6fe8b3f16d892,2019-12-23 00:00:00.000000,,,,16.4,,1.8,0.47,,,,,,,830.0,100.0,,Base Flow,2.6,8.24,41.378,-81.899,5476,Meg,Hennessey,True,5476,Meg,Hennessey,1003,Rocky River Watershed Monitoring Program,d3d0568f05b454d7,PCO1,PCO1
89422ced43a0c0be0dcd443ef5e067de,2020-01-03 00:00:00.000000,,,,16.2,,0.3,0.08,,,,,,,835.0,47.0,,Slightly Elevated,4.7,8.4,41.47702412,-81.82999061,5476,Meg,Hennessey,True,5476,Meg,Hennessey,1003,Rocky River Watershed Monitoring Program,d3d0568f05b454d7,MS3,MS3
de7e2d6b0899dd642d424ad7e9c81086,2020-01-03 00:00:00.000000,,,,16.6,,0.9,0.85,,,,,,,799.0,66.0,,Slightly Elevated,6.0,8.24,41.424,-81.857,5476,Meg,Hennessey,True,5476,Meg,Hennessey,1003,Rocky River Watershed Monitoring Program,d3d0568f05b454d7,MS5,MS5
0adc26b8bb765c8e30d98459019054bb,2020-01-07 00:00:00.000000,,,,11.77,,0.3,0.05,,,,,,,680.0,75.0,,Slightly Elevated,2.5,8.16,41.2177,-81.7066,5476,Meg,Hennessey,True,5476,Meg,Hennessey,1003,Rocky River Watershed Monitoring Program,d3d0568f05b454d7,UEB3,UEB3
600024c46930e76356ec523c7b8d0d86,2020-01-07 00:00:00.000000,,,,10.5,,0.5,0.06,,,,,,,392.0,100.0,,Base Flow,3.2,8.3,41.21754476,-81.7142186,5476,Meg,Hennessey,True,5476,Meg,Hennessey,1003,Rocky River Watershed Monitoring Program,d3d0568f05b454d7,UEB2,UEB2
2ffc53f4d4e2f01bdea59d460c967836,2020-01-11 00:00:00.000000,,,,8.64,,0.3,0.13,,,,0.34,,,481.0,74.8,,Highly Elevated,8.1,7.69,41.239,-81.818,5476,Meg,Hennessey,True,5476,Meg,Hennessey,1003,Rocky River Watershed Monitoring Program,d3d0568f05b454d7,PC4,PC4
4af13c1c498170e42d668a175974e75c,2020-01-11 00:00:00.000000,,,,8.33,,0.9,0.2,,,,0.3,,,432.0,43.8,,Highly Elevated,9.8,7.6,41.24695161,-81.83086455,5476,Meg,Hennessey,True,5476,Meg,Hennessey,1003,Rocky River Watershed Monitoring Program,d3d0568f05b454d7,PC3,PC3
f4047aa886838816e2ee15861c288f08,2020-01-11 00:00:00.000000,,,,9.65,,0.3,0.14,,,,0.49,,,675.0,17.0,,Highly Elevated,6.6,7.93,41.23399597,-81.81094233,5476,Meg,Hennessey,True,5476,Meg,Hennessey,1003,Rocky River Watershed Monitoring Program,d3d0568f05b454d7,PC2,PC2
61ef79bf4a105ae270a1f89c68d87bd5,2020-01-17 00:00:00.000000,,,,19.0,,1.0,0.25,,,,,,,697.0,100.0,,Base Flow,2.2,8.28,41.46,-81.822,5476,Meg,Hennessey,True,5476,Meg,Hennessey,1003,Rocky River Watershed Monitoring Program,d3d0568f05b454d7,MS4,MS4
a7555c0e1025d5bde43160fcc068a81a,2020-01-17 00:00:00.000000,,,,21.5,,0.2,0.29,,,,,,,1050.0,100.0,,Base Flow,1.0,8.44,41.44804223,-81.8362937,5476,Meg,Hennessey,True,5476,Meg,Hennessey,1003,Rocky River Watershed Monitoring Program,d3d0568f05b454d7,CC1,CC1
519ced353cfb7ba0144a82080c67a51d,2020-02-03 00:00:00.000000,,,,11.3,,0.3,0.05,,,,,,,582.0,77.0,,Slightly Elevated,3.4,8.25,41.2177,-81.7066,5476,Meg,Hennessey,True,5476,Meg,Hennessey,1003,Rocky River Watershed Monitoring Program,d3d0568f05b454d7,UEB3,UEB3
92b8454b15c570042b75edfd6cd6e3a0,2020-02-03 00:00:00.000000,,,,11.14,,0.5,0.02,,,,,,,354.0,100.0,,Base Flow,3.6,8.45,41.21754476,-81.7142186,5476,Meg,Hennessey,True,5476,Meg,Hennessey,1003,Rocky River Watershed Monitoring Program,d3d0568f05b454d7,UEB2,UEB2
9c036ae4ed6ba688460d04e927d4054a,2020-02-08 00:00:00.000000,,,,12.89,,0.3,0.49,,,,1.88,,,2660.0,100.0,,Slightly Elevated,2.6,8.27,41.239,-81.818,5476,Meg,Hennessey,True,5476,Meg,Hennessey,1003,Rocky River Watershed Monitoring Program,d3d0568f05b454d7,PC4,PC4
02d06bbee49d7c5a64a8823ac1897179,2020-02-08 00:00:00.000000,,,,11.09,,0.3,0.95,,,,1.01,,,1430.0,42.6,,Slightly Elevated,2.2,8.2,41.23399597,-81.81094233,5476,Meg,Hennessey,True,5476,Meg,Hennessey,1003,Rocky River Watershed Monitoring Program,d3d0568f05b454d7,PC2,PC2
e99fc5179b87e4a866559630c136dd31,2020-02-08 00:00:00.000000,,,,13.74,,0.6,0.28,,,,1.23,,,1740.0,40.2,,Slightly Elevated,3.4,8.51,41.24695161,-81.83086455,5476,Meg,Hennessey,True,5476,Meg,Hennessey,1003,Rocky River Watershed Monitoring Program,d3d0568f05b454d7,PC3,PC3
15b5acc9a52c1dc5434134e3170a0207,2020-02-22 00:00:00.000000,,,,15.1,,0.2,0.49,,,,0.71,,,1000.0,100.0,,Base Flow,4.3,8.37,41.239,-81.818,5476,Meg,Hennessey,True,5476,Meg,Hennessey,1003,Rocky River Watershed Monitoring Program,d3d0568f05b454d7,PC4,PC4
4343c8c0fc7b9cd05b0e1a70ffaaaabb,2020-02-22 00:00:00.000000,,,,11.7,,0.6,0.56,,,,0.74,,,1040.0,74.0,,Base Flow,6.4,8.02,41.24695161,-81.83086455,5476,Meg,Hennessey,True,5476,Meg,Hennessey,1003,Rocky River Watershed Monitoring Program,d3d0568f05b454d7,PC3,PC3
933fb99c68a5fcb1e1eeb8b7c1f10e3d,2020-02-22 00:00:00.000000,,,,11.9,,0.4,0.14,,,,0.71,,,1010.0,36.9,,Base Flow,5.5,8.45,41.23399597,-81.81094233,5476,Meg,Hennessey,True,5476,Meg,Hennessey,1003,Rocky River Watershed Monitoring Program,d3d0568f05b454d7,PC2,PC2
950df81c236b43893342d12d939304ad,2020-03-05 00:00:00.000000,,,,11.6,,0.5,0.12,,,,,,,316.0,100.0,,Slightly Elevated,3.4,8.46,41.21754476,-81.7142186,5476,Meg,Hennessey,True,5476,Meg,Hennessey,1003,Rocky River Watershed Monitoring Program,d3d0568f05b454d7,UEB2,UEB2
e18b9fb4a02511c492295f711668f9d6,2020-03-05 00:00:00.000000,,,,11.66,,0.0,,,,,,,,668.0,38.0,,Slightly Elevated,2.3,8.09,41.2177,-81.7066,5476,Meg,Hennessey,True,5476,Meg,Hennessey,1003,Rocky River Watershed Monitoring Program,d3d0568f05b454d7,UEB3,UEB3
169185d11ad1c737894c78e27d7a5670,2020-03-06 00:00:00.000000,,,,19.0,,0.5,0.32,,,,,,,1400.0,100.0,,Base Flow,4.6,8.65,41.44804223,-81.8362937,5476,Meg,Hennessey,True,5476,Meg,Hennessey,1003,Rocky River Watershed Monitoring Program,d3d0568f05b454d7,CC1,CC1
966da51baed4e8d0c38270f27594df66,2020-03-06 00:00:00.000000,,,,17.5,,0.3,0.23,,,,,,,766.0,46.0,,Base Flow,4.6,8.86,41.47702412,-81.82999061,5476,Meg,Hennessey,True,5476,Meg,Hennessey,1003,Rocky River Watershed Monitoring Program,d3d0568f05b454d7,MS3,MS3
27cd21d50ddf19fcd48f3c36d8b9a4b9,2020-03-06 00:00:00.000000,,,,17.5,,0.5,0.43,,,,,,,717.0,61.0,,Base Flow,4.5,8.55,41.46,-81.822,5476,Meg,Hennessey,True,5476,Meg,Hennessey,1003,Rocky River Watershed Monitoring Program,d3d0568f05b454d7,MS4,MS4
623743f2e9d9a0acddf79f0154823eab,2020-03-06 00:00:00.000000,,,,17.7,,0.3,0.25,,,,,,,775.0,70.0,,Base Flow,5.5,8.67,41.424,-81.857,5476,Meg,Hennessey,True,5476,Meg,Hennessey,1003,Rocky River Watershed Monitoring Program,d3d0568f05b454d7,MS5,MS5
a3525119d4c9e1afb9869da18ad4e75f,2020-03-08 00:00:00.000000,,,,23.1,,0.3,0.77,,,,,,,,100.0,,Base Flow,9.7,8.78,41.43899699,-81.85506705,5476,Meg,Hennessey,True,5476,Meg,Hennessey,1003,Rocky River Watershed Monitoring Program,d3d0568f05b454d7,CC2,CC2
3d206517b38ba21aa0a0a97e2bb23efa,2020-03-08 00:00:00.000000,,,,22.9,,0.9,0.13,,,,0.52,,,736.0,77.0,,Slightly Elevated,9.2,8.44,41.41611064,-81.87328297,5476,Meg,Hennessey,True,5476,Meg,Hennessey,1003,Rocky River Watershed Monitoring Program,d3d0568f05b454d7,MS2,MS2
d261690cfcf5f3f0e921787ffa3d834e,2020-06-30 00:00:00.000000,,,,0.1,,1.9,0.0,,,,410.0,,,579.0,100.0,,Base Flow,29.2,8.95,41.47702412,-81.82999061,5476,Meg,Hennessey,True,5476,Meg,Hennessey,1003,Rocky River Watershed Monitoring Program,d3d0568f05b454d7,MS3,MS3
4a20be1cf607d8359d2ae53424029e3d,2020-07-05 00:00:00.000000,,,,7.71,,0.6,0.15,,,,0.51,,,734.0,100.0,,Base Flow,21.1,8.45,41.37498391,-81.83283236,5476,Meg,Hennessey,True,5476,Meg,Hennessey,1003,Rocky River Watershed Monitoring Program,d3d0568f05b454d7,AC3,AC3
794d9e6e80567172e318165225566e68,2020-07-05 00:00:00.000000,,,,6.36,,3.8,0.28,,,,0.58,,,1143.0,100.0,,Base Flow,24.8,8.32,41.36301,-81.854031,5476,Meg,Hennessey,True,5476,Meg,Hennessey,1003,Rocky River Watershed Monitoring Program,d3d0568f05b454d7,BC2.5,BC2.5
6f013434060b33a2eb95257e7c2d58e9,2020-07-05 00:00:00.000000,,,,4.17,,0.3,0.65,,,,0.57,,,808.0,43.0,,very little flow,21.4,7.88,41.389,-81.836,5476,Meg,Hennessey,True,5476,Meg,Hennessey,1003,Rocky River Watershed Monitoring Program,d3d0568f05b454d7,AC2,AC2
2f97a3f5d74b4748c9d47917e02e4c75,2020-07-06 00:00:00.000000,,,,6.65,,0.3,0.01,,,,558.0,,,935.0,100.0,,Base Flow,20.4,7.57,41.21754476,-81.7142186,5476,Meg,Hennessey,True,5476,Meg,Hennessey,1003,Rocky River Watershed Monitoring Program,d3d0568f05b454d7,UEB2,UEB2
7f61ccc95fff3720aae07538ccae95dc,2020-07-06 00:00:00.000000,,,,8.05,,0.3,0.2,,,,340.0,,,486.0,48.0,,Base Flow,21.06,7.89,41.2177,-81.7066,5476,Meg,Hennessey,True,5476,Meg,Hennessey,1003,Rocky River Watershed Monitoring Program,d3d0568f05b454d7,UEB3,UEB3
bb14ff8b0ae55161648fc9c9cb635633,2020-07-18 00:00:00.000000,,,,1.27,,0.2,0.4,,,,0.81,,,1150.0,57.9,,Base Flow,22.6,7.85,41.239,-81.818,5476,Meg,Hennessey,True,5476,Meg,Hennessey,1003,Rocky River Watershed Monitoring Program,d3d0568f05b454d7,PC4,PC4
667012dfb02a3865ebde1905b69754f1,2020-07-18 00:00:00.000000,,,,3.38,,0.3,,,,,0.35,,,495.0,84.8,,Base Flow,26.2,8.45,41.23399597,-81.81094233,5476,Meg,Hennessey,True,5476,Meg,Hennessey,1003,Rocky River Watershed Monitoring Program,d3d0568f05b454d7,PC2,PC2
9192383ea419f3fdece6f251f343b36e,2020-07-18 00:00:00.000000,,,,4.02,,0.3,0.27,,,,0.47,,,663.0,14.8,,Base Flow,22.6,7.56,41.24695161,-81.83086455,5476,Meg,Hennessey,True,5476,Meg,Hennessey,1003,Rocky River Watershed Monitoring Program,d3d0568f05b454d7,PC3,PC3
cd1f028f0a53f2373bd186519cdefbcc,2020-07-22 00:00:00.000000,,,,4.01,,0.4,0.68,,,,0.38,,,535.0,33.0,,Highly Elevated,22.5,7.91,41.363,-81.819,5476,Meg,Hennessey,True,5476,Meg,Hennessey,1003,Rocky River Watershed Monitoring Program,d3d0568f05b454d7,AC4,AC4
19a287194bf0bf59fb8f0c9b50f4490f,2020-07-22 00:00:00.000000,,,,5.65,,1.1,1.44,,,,0.31,,,435.0,19.0,,Highly Elevated,22.5,8.5,41.36301,-81.854031,5476,Meg,Hennessey,True,5476,Meg,Hennessey,1003,Rocky River Watershed Monitoring Program,d3d0568f05b454d7,BC2.5,BC2.5
a5fe491383a6ff6bbe793ac6084d0852,2020-07-22 00:00:00.000000,,,,4.17,,0.01,0.06,,,,0.37,,,507.0,65.0,,Highly Elevated,22.3,8.48,41.37498391,-81.83283236,5476,Meg,Hennessey,True,5476,Meg,Hennessey,1003,Rocky River Watershed Monitoring Program,d3d0568f05b454d7,AC3,AC3
5ef87e319eb4dd813659fdcae94a9794,2020-07-31 00:00:00.000000,,,,0.1,,0.7,0.05,,,,,,,221.0,121.0,,Base Flow,22.7,7.87,41.21754476,-81.7142186,5476,Meg,Hennessey,True,5476,Meg,Hennessey,1003,Rocky River Watershed Monitoring Program,d3d0568f05b454d7,UEB2,UEB2
cc46d662d9794c4ab259186e79e21aab,2020-07-31 00:00:00.000000,,,,0.1,,0.2,0.3,,,,,,,190.0,37.0,,Base Flow,27.6,7.98,41.227,-81.72,5476,Meg,Hennessey,True,5476,Meg,Hennessey,1003,Rocky River Watershed Monitoring Program,d3d0568f05b454d7,UEB1,UEB1
10282c2c2a2ae3f5020e9cf3511d6bdc,2020-07-31 00:00:00.000000,,,,0.0,,0.2,2.02,,,,,,,246.0,20.0,,Base Flow,22.6,8.02,41.2177,-81.7066,5476,Meg,Hennessey,True,5476,Meg,Hennessey,1003,Rocky River Watershed Monitoring Program,d3d0568f05b454d7,UEB3,UEB3
c558bae5e0caf727552655097f12bcf5,2020-07-31 17:05:19.463975,262.0,"Dry, 80F",,0.1,Meg Hennessey,0.3,0.2,,,No precip,0.13,Rocky River- East Branch,,190.0,37.0,,Base Flow,27.6,7.98,,,5476,Meg,Hennessey,True,5476,Meg,Hennessey,1003,Rocky River Watershed Monitoring Program,d3d0568f05b454d7,,
7e8e9e17fb9903939770ec7cd3e0e5d9,2020-08-02 00:00:00.000000,,,,6.31,,0.1,1.1,,,,,,,,,,Highly Elevated,21.6,,41.2177,-81.7066,5476,Meg,Hennessey,True,5476,Meg,Hennessey,1003,Rocky River Watershed Monitoring Program,d3d0568f05b454d7,UEB3,UEB3
345df2f65fe8b1294b7a3f17b8178c65,2020-08-02 00:00:00.000000,,,,6.31,,0.4,0.09,,,,,,,687.0,,,Slightly Elevated,20.8,7.83,41.21754476,-81.7142186,5476,Meg,Hennessey,True,5476,Meg,Hennessey,1003,Rocky River Watershed Monitoring Program,d3d0568f05b454d7,UEB2,UEB2
c9c2b8921402eaadf384765796fd6fbf,2020-08-05 00:00:00.000000,,,,0.8,,0.3,0.32,,,,,,,370.0,23.0,,Base Flow,22.1,8.3,41.47702412,-81.82999061,5476,Meg,Hennessey,True,5476,Meg,Hennessey,1003,Rocky River Watershed Monitoring Program,d3d0568f05b454d7,MS3,MS3
e262c1e589d1545a5d5eaf31e1355d14,2020-08-08 00:00:00.000000,,,,5.75,,0.6,0.4,,,,0.3,,,421.0,40.2,,Base Flow,22.7,8.57,41.23399597,-81.81094233,5476,Meg,Hennessey,True,5476,Meg,Hennessey,1003,Rocky River Watershed Monitoring Program,d3d0568f05b454d7,PC2,PC2
1068f930ecd16ea658f34b6d0fe08e35,2020-08-08 00:00:00.000000,,,,5.06,,0.9,0.09,,,,0.43,,,605.0,100.0,,Base Flow,18.9,7.63,41.24695161,-81.83086455,5476,Meg,Hennessey,True,5476,Meg,Hennessey,1003,Rocky River Watershed Monitoring Program,d3d0568f05b454d7,PC3,PC3
e5af683a36c32f23c71ebfda305923c2,2020-08-08 00:00:00.000000,,,,2.95,,0.2,0.38,,,,0.52,,,745.0,58.0,,Base Flow,17.9,7.92,41.239,-81.818,5476,Meg,Hennessey,True,5476,Meg,Hennessey,1003,Rocky River Watershed Monitoring Program,d3d0568f05b454d7,PC4,PC4
1a504ec6bbe1e42997aed91330c0ece8,2020-08-09 00:00:00.000000,,,,4.4,,3.9,0.86,,,,0.55,,,790.0,100.0,,low,20.6,7.96,41.34997887,-81.82612137,5476,Meg,Hennessey,True,5476,Meg,Hennessey,1003,Rocky River Watershed Monitoring Program,d3d0568f05b454d7,BC5,BC5
27717c7af3ceb7b3972fc7af9e50efa8,2020-08-09 00:00:00.000000,,,,10.2,,0.7,0.81,,,,0.65,,,902.0,100.0,,Base Flow,19.4,8.16,41.37498391,-81.83283236,5476,Meg,Hennessey,True,5476,Meg,Hennessey,1003,Rocky River Watershed Monitoring Program,d3d0568f05b454d7,AC3,AC3
7bb3bc5398e7485fadd9d20062fd2803,2020-08-09 00:00:00.000000,,,,3.7,,1.1,0.74,,,,0.4,,,575.0,100.0,,Base Flow,23.3,7.95,41.36301,-81.854031,5476,Meg,Hennessey,True,5476,Meg,Hennessey,1003,Rocky River Watershed Monitoring Program,d3d0568f05b454d7,BC2.5,BC2.5
da8efd56f1b7016d3d04dfd2cfe48d1c,2020-08-20 00:00:00.000000,,,,6.0,,0.3,0.41,,,,,,,500.0,40.0,,Base Flow,23.8,2.73,41.47702412,-81.82999061,5476,Meg,Hennessey,True,5476,Meg,Hennessey,1003,Rocky River Watershed Monitoring Program,d3d0568f05b454d7,MS3,MS3
a2f7555eae6213efcdd947e0d1b3a7b9,2020-08-25 16:00:08.079898,762.0,Cloudy 61,,93.0,Dave LeBrun,0.5,0.4,,,Dry 40s to low 60s,,Rocky River,9.54,544.0,85.0,,Slightly Elevated,14.2,9.98,41.332447,-81.835058,5593,Dave,LeBrun,True,5476,Meg,Hennessey,1003,Rocky River Watershed Monitoring Program,d3d0568f05b454d7,Bonnie Park Above Old Dam,Bonnie Park Above Old Dam
3dde4f567f0e502370e0d98c712322ac,2020-08-27 00:00:00.000000,34.0,,,2.8,,0.2,0.67,,729.2,,,,13.0,326.0,100.0,,Base Flow,25.4,7.15,41.239,-81.818,5476,Meg,Hennessey,True,5476,Meg,Hennessey,1003,Rocky River Watershed Monitoring Program,d3d0568f05b454d7,PC4,PC4
e85035fc96a069335858624e629957c0,2020-08-27 00:00:00.000000,73.0,,,6.3,,0.0,1.11,,729.8,,,,128.0,461.0,100.0,,Base Flow,23.0,7.27,41.24695161,-81.83086455,5476,Meg,Hennessey,True,5476,Meg,Hennessey,1003,Rocky River Watershed Monitoring Program,d3d0568f05b454d7,PC3,PC3
d05a0fb1a518c28c95f884199641536e,2020-08-27 00:00:00.000000,1820.0,,120.0,9.62,,0.2,0.17,,728.7,,,,13.0,125.0,39.0,,Base Flow,27.1,8.85,41.23399597,-81.81094233,5476,Meg,Hennessey,True,5476,Meg,Hennessey,1003,Rocky River Watershed Monitoring Program,d3d0568f05b454d7,PC2,PC2
8c660ccb4d1c87d9e043a13e733342ec,2020-08-29 00:00:00.000000,88.0,,,5.94,,0.3,0.38,,722.8,,0.2,,3.0,285.0,23.5,,Highly Elevated,22.7,7.95,41.23399597,-81.81094233,5476,Meg,Hennessey,True,5476,Meg,Hennessey,1003,Rocky River Watershed Monitoring Program,d3d0568f05b454d7,PC2,PC2
2fb5cec5e34d50eaf09fee658ea33797,2020-08-29 00:00:00.000000,89.0,,,4.35,,1.1,0.81,,724.1,,0.29,,9.0,411.0,120.0,,Highly Elevated,21.3,7.74,41.239,-81.818,5476,Meg,Hennessey,True,5476,Meg,Hennessey,1003,Rocky River Watershed Monitoring Program,d3d0568f05b454d7,PC4,PC4
bee0d7f3896f82223a615a37f4eefafb,2020-08-29 00:00:00.000000,,,,6.0,,0.7,0.4,,724.7,,0.28,,5.0,398.0,96.8,,Highly Elevated,22.3,7.91,41.24695161,-81.83086455,5476,Meg,Hennessey,True,5476,Meg,Hennessey,1003,Rocky River Watershed Monitoring Program,d3d0568f05b454d7,PC3,PC3
e954a4b138f1c769f4293a8d9d15efcf,2020-08-30 00:00:00.000000,66.0,,,6.1,,1.3,0.29,,733.9,,,,50.0,2700.0,,,Slightly Elevated,18.9,7.82,41.21754476,-81.7142186,5476,Meg,Hennessey,True,5476,Meg,Hennessey,1003,Rocky River Watershed Monitoring Program,d3d0568f05b454d7,UEB2,UEB2
ff01274d5045c6d2643162197c8b7afa,2020-08-30 00:00:00.000000,83.0,,,7.6,,0.8,0.28,,731.5,,,,,2900.0,,,Base Flow,19.3,8.26,41.301,-81.722,5476,Meg,Hennessey,True,5476,Meg,Hennessey,1003,Rocky River Watershed Monitoring Program,d3d0568f05b454d7,UEB6.5,UEB6.5
a5d79fdc7ad2d9e3c573e8486c24ab7b,2020-08-30 00:00:00.000000,63.0,,,58.0,,0.0,0.57,,737.8,,,,,2400.0,,,Slightly Elevated,19.4,8.13,41.2177,-81.7066,5476,Meg,Hennessey,True,5476,Meg,Hennessey,1003,Rocky River Watershed Monitoring Program,d3d0568f05b454d7,UEB3,UEB3
e6c4ebfb8d1878aad967fad83eedf0c9,2020-09-01 00:00:00.000000,,,,6.4,,0.2,0.2,,,,,,,477.0,38.0,,Slightly Elevated,19.4,8.22,41.2177,-81.7066,5476,Meg,Hennessey,True,5476,Meg,Hennessey,1003,Rocky River Watershed Monitoring Program,d3d0568f05b454d7,UEB3,UEB3
683832d517bc8dd37a48936698bcd191,2020-09-01 00:00:00.000000,,,,6.9,,0.3,0.13,,,,,,,524.0,100.0,,Base Flow,19.8,8.2,41.21754476,-81.7142186,5476,Meg,Hennessey,True,5476,Meg,Hennessey,1003,Rocky River Watershed Monitoring Program,d3d0568f05b454d7,UEB2,UEB2
2a564b40782f1a48a2bd7295d36860a0,2020-09-01 10:30:11.777885,756.0,Clear,,6.9,Gary Jennrich and Richard Pearl,0.3,0.13,,,Clear,360.0,Rocky River East Branch,,524.0,100.0,,Base Flow,19.8,8.2,41.21754476,-81.7142186,5476,Meg,Hennessey,True,5476,Meg,Hennessey,1003,Rocky River Watershed Monitoring Program,d3d0568f05b454d7,UEB2,UEB2
8dc15dcc59aeb58e8783369bf65ca775,2020-10-07 00:00:00.000000,,,,,,0.2,0.2,,,,,,,607.0,100.0,,Base Flow,13.3,9.43,41.21754476,-81.7142186,5476,Meg,Hennessey,True,5476,Meg,Hennessey,1003,Rocky River Watershed Monitoring Program,d3d0568f05b454d7,UEB2,UEB2
38a8edef4ea61e4f65f0847bf1da4aae,2020-10-07 00:00:00.000000,,,,,,0.2,0.06,,,,,,,482.0,100.0,,Base Flow,12.1,9.57,41.2177,-81.7066,5476,Meg,Hennessey,True,5476,Meg,Hennessey,1003,Rocky River Watershed Monitoring Program,d3d0568f05b454d7,UEB3,UEB3
8dc15dcc59aeb58e8783369bf65ca775,2020-10-07 00:00:00.000000,999.0,,,100.0,,,,,,,420.0,,10.47,,,,,,,41.21754476,-81.7142186,5476,Meg,Hennessey,True,5476,Meg,Hennessey,1003,Rocky River Watershed Monitoring Program,d3d0568f05b454d7,UEB2,UEB2
38a8edef4ea61e4f65f0847bf1da4aae,2020-10-07 00:00:00.000000,678.0,,,87.6,,,,,,,340.0,,9.42,,,,,,,41.2177,-81.7066,5476,Meg,Hennessey,True,5476,Meg,Hennessey,1003,Rocky River Watershed Monitoring Program,d3d0568f05b454d7,UEB3,UEB3
9267ee56d313a9ccbf2a5d2869e6dee7,2020-10-07 00:13:11.184056,2.4,"68 degrees Fahrenheit, sunny, slight breeze",103.0,10.8,Bre Turner,0.4,0.5,https://images.waterreporter.org/5460/c74c91b16eba4716a8050a627f99a5ce_original.jpeg,740.9,,0.0,Coe Creek,3.0,1.4,120.0,,Base flow,13.0,8.57,41.43899699,-81.85506705,5460,Breoni,Turner,True,5460,Breoni,Turner,1003,Rocky River Watershed Monitoring Program,d3d0568f05b454d7,CC2,CC2
f60a4c2ad1d220c27307d6726061afb7,2020-10-10 00:00:00.000000,854.0,mid 60s dry,0.92,9.2,Stephanie Rabatin,0.3,1.85,,,dry,0.44,Abrams Creek,,589.0,100.0,,base flow,15.2,,41.37498391,-81.83283236,5541,Stephanie,Rabatin,True,5476,Meg,Hennessey,1003,Rocky River Watershed Monitoring Program,d3d0568f05b454d7,AC3,AC3
e82a1b9f4e4b60e0fd390aae6bcbe654,2020-10-10 00:00:00.000000,1110.0,mid 60s dry,0.69,6.7,Stephanie Rabatin,3.8,0.2,,,dry,0.55,Baldwin Creek,,789.0,100.0,,base flow,16.0,,41.34997887,-81.82612137,5541,Stephanie,Rabatin,True,5476,Meg,Hennessey,1003,Rocky River Watershed Monitoring Program,d3d0568f05b454d7,BC5,BC5
604bb9dbe047e15ed81e079c8645811c,2020-10-10 00:00:00.000000,1051.0,mid 60s dry,0.89,8.9,Stephanie Rabatin,3.8,0.26,,,dry,0.52,Baldwin Creek,,744.0,100.0,,base flow,15.2,,41.36301,-81.854031,5541,Stephanie,Rabatin,True,5476,Meg,Hennessey,1003,Rocky River Watershed Monitoring Program,d3d0568f05b454d7,BC2.5,BC2.5
b6465ab69f337a14c03073023d62aa06,2020-10-10 00:00:00.000000,547.0,,,132.6,,0.11,0.16,,732.4,,280.0,,13.01,410.0,45.0,,Base Flow,16.3,9.62,41.23399597,-81.81094233,5476,Meg,Hennessey,True,5476,Meg,Hennessey,1003,Rocky River Watershed Monitoring Program,d3d0568f05b454d7,PC2,PC2
277fe130dd9bd3af4af0aa5827ca6bab,2020-10-10 00:00:00.000000,1073.0,,,72.6,Michael Mog,0.7,0.11,,732.9,,530.0,,6.93,762.0,100.0,1.0,Very Low Flow,16.5,9.02,41.24695161,-81.83086455,5476,Meg,Hennessey,True,5476,Meg,Hennessey,1003,Rocky River Watershed Monitoring Program,d3d0568f05b454d7,PC3,PC3
506cff0cf4ec052646b7818371bdc60b,2020-10-10 00:00:00.000000,1065.0,,,59.6,Michael Mog,0.0,0.13,,732.5,,540.0,,6.05,763.0,100.0,1.0,Very Low Flow,14.6,9.53,41.239,-81.818,5476,Meg,Hennessey,True,5476,Meg,Hennessey,1003,Rocky River Watershed Monitoring Program,d3d0568f05b454d7,PC4,PC4
66749c2989f3d6bd670e0fe1eeef9f60,2020-10-15 00:00:00.000000,762.0,,,93.0,,0.5,0.4,,,,,,9.54,544.0,84.0,,Slightly Elevated,14.2,9.98,41.332447,-81.835058,5476,Meg,Hennessey,True,5476,Meg,Hennessey,1003,Rocky River Watershed Monitoring Program,d3d0568f05b454d7,Bonnie Park Above Old Dam,Bonnie Park Above Old Dam
86a471711f88e83651e216eb39214dbc,2020-10-25 00:00:00.000000,553.0,Sunny and cool,98.4,9.66,Chris Cory,0.4,0.13,,759.0,Light rain,0.27,,28.0,395.0,27.0,1.0,Slightly elevated,13.0,8.01,41.36301,-81.854031,5959,Chris,Cory,True,5476,Meg,Hennessey,1003,Rocky River Watershed Monitoring Program,d3d0568f05b454d7,BC2.5,BC2.5
23bd197c497d8a049b7cdf08efa948ca,2020-11-09 10:15:03.482099,652.0,Clear,106.0,11.9,Gary Jennrich and Richard Pearl,0.4,1.3,https://images.waterreporter.org/5476/9ae4ec7641a94b7bbafc7c8eec295d04_original.jpg,746.4,Clear,340.0,,2.0,471.0,100.0,2.0,Base Level,10.1,8.07,41.21754476,-81.7142186,5476,Meg,Hennessey,True,5476,Meg,Hennessey,1003,Rocky River Watershed Monitoring Program,d3d0568f05b454d7,UEB2,UEB2
cf22fd9972ef87f022fe212397dcb788,2020-11-09 19:15:08.230556,722.0,Clear,100.0,11.4,Gary Jennrich and Richard Pearl,0.3,0.82,https://images.waterreporter.org/5476/4bb1de26130041b0939e71e080a24bc9_original.jpg,745.2,Clear,350.0,,1.0,514.0,100.0,2.0,Base Flow,10.5,8.25,41.2177,-81.7066,5476,Meg,Hennessey,True,5476,Meg,Hennessey,1003,Rocky River Watershed Monitoring Program,d3d0568f05b454d7,UEB3,UEB3
f34c8513a9d7397e88951b32814b409b,2020-11-18 00:00:00.000000,770.0,,112.0,14.2,,2.6,0.13,,,,,,11.0,548.0,60.0,,Slightly Elevated,5.0,8.84,41.332447,-81.835058,5476,Meg,Hennessey,True,5476,Meg,Hennessey,1003,Rocky River Watershed Monitoring Program,d3d0568f05b454d7,Bonnie Park Above Old Dam,Bonnie Park Above Old Dam
bc8eba7b11dfb2b4c6ec7cdf9a1f56a8,2020-11-18 00:00:00.000000,852.0,,113.0,14.2,,1.7,0.83,,,,,,11.0,598.0,67.0,,Slightly Elevated,5.0,8.33,41.333522,-81.834498,5476,Meg,Hennessey,True,5476,Meg,Hennessey,1003,Rocky River Watershed Monitoring Program,d3d0568f05b454d7,Bonnie Park Below Old Dam,Bonnie Park Below Old Dam
6458e2637b177287c4707282498568a3,2020-11-21 00:00:00.000000,970.0,Dry,69.0,8.1,Michael Mog,0.2,0.14,,747.2,Dry,0.49,,0.0,690.0,120.0,1.0,Base Flow,8.2,7.11,41.239,-81.818,5922,Michael,Mog,True,5476,Meg,Hennessey,1003,Rocky River Watershed Monitoring Program,d3d0568f05b454d7,PC4,PC4
f8829ab8d34c0974991ebfa13e4821ce,2020-12-03 20:58:29.253142,1420.0,"36 degrees F. Cloudy, surrounding snow 2-3 inches, no active precipitation",117.0,15.6,Nikole Davis,0.4,0.18,https://images.waterreporter.org/5865/7f9bad021987434ab293bf35d555a850_original.jpg,748.7,"Same as the day before with more sunshine, causing snow to melt from the snowstorm the previous day.",0.72,Rocky River,26.0,1.02,170.0,0.0,"base flow, maybe slightly elevated",3.1,8.12,41.47702412,-81.82999061,5865,Nikole,D,True,5476,Meg,Hennessey,1003,Rocky River Watershed Monitoring Program,d3d0568f05b454d7,MS3,MS3
9bda56f8670fb2a1d122b73380549762,2020-12-05 00:00:00.000000,728.0,"cool, cloudy, windy",105.0,13.11,Justin Swanberg and Stephanie Rabatin,1.6,0.14,https://images.waterreporter.org/5541/6483a42811094cf6a7fbf127998dbc8e_original.jpg,753.2,"coll, snow, sunny 45F",0.36,Baldwin Creek,20.0,513.0,,1.0,highly elevated,5.6,6.55,41.36301,-81.854031,5541,Stephanie,Rabatin,True,5476,Meg,Hennessey,1003,Rocky River Watershed Monitoring Program,d3d0568f05b454d7,BC2.5,BC2.5
9e6f4476700b1aa2dacb7087bc5f6b2a,2020-12-08 20:49:07.120920,693.0,"36 Fahrenheit, cloudy",13.0,1.7,Nikole Davis,0.6,0.13,,747.2,,350.0,Rocky River,9.0,494.0,78.0,0.0,base flow,3.7,8.3,41.46,-81.822,5865,Nikole,D,True,5476,Meg,Hennessey,1003,Rocky River Watershed Monitoring Program,d3d0568f05b454d7,MS4,MS4
a6598b1b377d4c5a7c51843fd5c960c6,2020-12-12 14:04:04.338149,717.0,"cool, 30F, cloudy",102.6,12.67,Justin Swanberg and Stephanie Rabatin,2.3,0.0,https://images.waterreporter.org/5541/699c8a9f98c04b27b251028eb8c7ba19_original.jpg,752.6,"cool, snow, sunny 45F",0.36,Baldwin Creek,16.0,508.0,,1.0,highly elevated,5.9,6.55,41.34997887,-81.82612137,5541,Stephanie,Rabatin,True,5476,Meg,Hennessey,1003,Rocky River Watershed Monitoring Program,d3d0568f05b454d7,BC5,BC5
98c188155f53820575568e3603878331,2020-12-14 19:21:36.430228,,,,,,,,https://images.waterreporter.org/5476/7a55c751d4164b7ab8f10a30869b8afa_original.jpg,,,,,,,,,,,,,,5476,Meg,Hennessey,True,5476,Meg,Hennessey,1003,Rocky River Watershed Monitoring Program,d3d0568f05b454d7,,
8118c3a135294f306f00b322e21b208a,2021-01-03 13:29:51.812827,681.0,Light Rain,107.0,14.4,Michael Mog,0.0,0.0,,737.4,Heavy Rain,0.33,Plum Creek,0.0,482.0,30.4,1.0,Highly Elevated,3.0,7.35,41.24695161,-81.83086455,5922,Michael,Mog,True,5476,Meg,Hennessey,1003,Rocky River Watershed Monitoring Program,d3d0568f05b454d7,PC3,PC3
